flight_date_id,route_id,origin_code,destination_id,dest_airport_code,flight_num,category,active,check_in_week_id,flight_date,departure_time,capacity_eco,capacity_biz,sold_eco,sold_biz,current_lf_eco,current_fare_eco,rec_fare_eco,current_margin_eco,rec_margin_eco,target_lf,forecast_lf,current_fare_biz,rec_fare_biz,current_margin_biz,rec_margin_biz,target_lf_biz,forecast_lf_biz,rate_of_sale,rate_of_sale_target,comp1_name,comp1_fare,comp2_name,comp2_fare,current_snapshot_date,current_days_to_departure,curve_flight_capacity,curve_current_booked_seats,curve_current_lf,curve_forecast_final_seats,curve_forecast_final_lf,curve_target_same_time_last_year_seats,curve_target_same_time_last_year_lf,has_cost_change,auto_changed,auto_changed_rule,price_locked,lock_reason,lock_until,last_evaluated_at,last_modified_by
AI2902-YUL-PUJ-20260601,AI2902-YUL-PUJ,YUL,PUJ,PUJ,AI2902,OWN,t,110,2026-06-01,08:00:00,174,0,156,0,0.8966,225.00,225.00,0.00,0.00,0.7800,0.8966,,,,,,,0.00,5.00,,,,,2026-05-29,3,174.00,125.00,0.7184,,,66.68,0.3832,f,f,,f,,,2026-06-11 07:25:42.197356,
AI2700-YYZ-PUJ-20260601,AI2700-YYZ-PUJ,YYZ,PUJ,PUJ,AI2700,OWN,t,110,2026-06-01,10:00:00,174,0,166,0,0.9540,345.00,345.00,0.00,0.00,0.7800,0.9540,,,,,,,0.00,5.00,,,,,2026-05-29,3,174.00,127.00,0.7299,,,66.68,0.3832,f,f,,f,,,2026-06-11 07:25:42.197356,
AI2908-YUL-POP-20260602,AI2908-YUL-POP,YUL,POP,POP,AI2908,OWN,t,110,2026-06-02,09:15:00,174,0,164,0,0.9425,115.00,115.00,0.00,0.00,0.7800,0.9425,,,,,,,0.00,5.00,,,,,2026-05-30,3,174.00,146.00,0.8391,146.29,0.8407,66.68,0.3832,f,f,,f,,,2026-06-11 07:25:42.197356,
AI2506-YYZ-POP-20260602,AI2506-YYZ-POP,YYZ,POP,POP,AI2506,OWN,t,110,2026-06-02,11:30:00,90,0,84,0,0.9333,95.00,95.00,0.00,0.00,0.7800,0.9333,,,,,,,0.00,5.00,,,,,2026-05-30,3,90.00,81.00,0.9000,81.50,0.9056,66.68,0.7409,f,f,,f,,,2026-06-11 07:25:42.197356,
AI2902-YUL-PUJ-20260602,AI2902-YUL-PUJ,YUL,PUJ,PUJ,AI2902,OWN,t,110,2026-06-02,08:00:00,174,0,136,0,0.7816,225.00,225.00,0.00,0.00,0.7800,0.7816,,,,,,,2.00,5.00,,,,,2026-05-30,3,174.00,128.00,0.7356,130.00,0.7471,66.68,0.3832,f,f,,f,,,2026-06-11 07:25:42.197356,
AI2702-YYZ-PUJ-20260602,AI2702-YYZ-PUJ,YYZ,PUJ,PUJ,AI2702,OWN,t,110,2026-06-02,08:00:00,174,0,164,0,0.9425,345.00,345.00,0.00,0.00,0.7800,0.9425,,,,,,,0.00,5.00,,,,,2026-05-30,3,174.00,141.00,0.8103,142.00,0.8161,66.68,0.3832,f,f,,f,,,2026-06-11 07:25:42.197356,
AI2902-YUL-PUJ-20260603,AI2902-YUL-PUJ,YUL,PUJ,PUJ,AI2902,OWN,t,110,2026-06-03,08:00:00,174,0,132,0,0.7586,225.00,225.00,0.00,0.00,0.7800,0.7586,,,,,,,0.00,5.00,,,,,2026-05-31,3,348.00,219.00,0.6293,225.29,0.6474,133.36,0.3832,f,f,,f,,,2026-06-11 07:25:42.197356,
AI2916-YUL-PUJ-20260603,AI2916-YUL-PUJ,YUL,PUJ,PUJ,AI2916,OWN,t,110,2026-06-03,09:00:00,174,0,140,0,0.8046,515.00,515.00,0.00,0.00,0.7800,0.8046,,,,,,,0.00,5.00,,,,,2026-05-31,3,348.00,219.00,0.6293,225.29,0.6474,133.36,0.3832,f,f,,f,,,2026-06-11 07:25:42.197356,
AI2700-YYZ-PUJ-20260603,AI2700-YYZ-PUJ,YYZ,PUJ,PUJ,AI2700,OWN,t,110,2026-06-03,10:00:00,174,0,166,0,0.9540,345.00,345.00,0.00,0.00,0.7800,0.9540,,,,,,,0.00,5.00,,,,,2026-05-31,3,174.00,122.00,0.7011,123.71,0.7110,66.68,0.3832,f,f,,f,,,2026-06-11 07:25:42.197356,
AI2908-YUL-POP-20260604,AI2908-YUL-POP,YUL,POP,POP,AI2908,OWN,t,110,2026-06-04,09:00:00,174,0,169,0,0.9713,0.00,0.00,0.00,0.00,0.7800,0.9713,,,,,,,0.00,5.00,,,,,2026-05-28,7,174.00,164.00,0.9425,168.97,0.9711,59.08,0.3395,f,f,,f,,,2026-06-11 07:25:42.197356,
AI2902-YUL-PUJ-20260604,AI2902-YUL-PUJ,YUL,PUJ,PUJ,AI2902,OWN,t,110,2026-06-04,08:00:00,174,0,116,0,0.6667,225.00,225.00,0.00,0.00,0.7800,0.6667,,,,,,,0.00,5.00,,,,,2026-05-28,7,174.00,87.00,0.5000,89.11,0.5121,59.08,0.3395,f,f,,f,,,2026-06-11 07:25:42.197356,
AI2700-YYZ-PUJ-20260604,AI2700-YYZ-PUJ,YYZ,PUJ,PUJ,AI2700,OWN,t,110,2026-06-04,09:45:00,174,0,144,0,0.8276,345.00,345.00,0.00,0.00,0.7800,0.8276,,,,,,,0.00,5.00,,,,,2026-05-28,7,174.00,114.00,0.6552,115.78,0.6654,59.08,0.3395,f,f,,f,,,2026-06-11 07:25:42.197356,
AI2740-YYZ-POP-20260605,AI2740-YYZ-POP,YYZ,POP,POP,AI2740,OWN,t,110,2026-06-05,07:30:00,174,0,166,0,0.9540,95.00,95.00,0.00,0.00,0.7800,0.9540,,,,,,,0.00,5.00,,,,,2026-05-29,7,174.00,157.00,0.9023,163.55,0.9399,59.08,0.3395,f,f,,f,,,2026-06-11 07:25:42.197356,
AI2902-YUL-PUJ-20260605,AI2902-YUL-PUJ,YUL,PUJ,PUJ,AI2902,OWN,t,110,2026-06-05,08:00:00,174,0,123,0,0.7069,225.00,225.00,0.00,0.00,0.7800,0.7069,,,,,,,0.00,5.00,,,,,2026-05-29,7,174.00,109.00,0.6264,112.01,0.6437,59.08,0.3395,f,f,,f,,,2026-06-11 07:25:42.197356,
AI2700-YYZ-PUJ-20260605,AI2700-YYZ-PUJ,YYZ,PUJ,PUJ,AI2700,OWN,t,110,2026-06-05,10:00:00,174,0,143,0,0.8218,345.00,345.00,0.00,0.00,0.7800,0.8218,,,,,,,0.00,5.00,,,,,2026-05-29,7,174.00,121.00,0.6954,125.93,0.7237,59.08,0.3395,f,f,,f,,,2026-06-11 07:25:42.197356,
AI2938-YQB-PUJ-20260606,AI2938-YQB-PUJ,YQB,PUJ,PUJ,AI2938,OWN,t,110,2026-06-06,10:35:00,174,0,144,0,0.8276,-5.00,-5.00,0.00,0.00,0.7800,0.8276,,,,,,,0.00,5.00,,,,,2026-05-30,7,174.00,136.00,0.7816,141.59,0.8137,59.08,0.3395,f,f,,f,,,2026-06-11 07:25:42.197356,
AI2902-YUL-PUJ-20260606,AI2902-YUL-PUJ,YUL,PUJ,PUJ,AI2902,OWN,t,110,2026-06-06,09:30:00,174,0,116,0,0.6667,225.00,225.00,0.00,0.00,0.7800,0.6667,,,,,,,0.00,5.00,,,,,2026-05-30,7,348.00,103.00,0.2960,108.27,0.3111,118.16,0.3395,f,f,,f,,,2026-06-11 07:25:42.197356,
AI2704-YYZ-PUJ-20260606,AI2704-YYZ-PUJ,YYZ,PUJ,PUJ,AI2704,OWN,t,110,2026-06-06,14:50:00,174,0,120,0,0.6897,355.00,355.00,0.00,0.00,0.7800,0.6897,,,,,,,0.00,5.00,,,,,2026-05-30,7,348.00,190.00,0.5460,199.46,0.5732,118.16,0.3395,f,f,,f,,,2026-06-11 07:25:42.197356,
AI2728-YYZ-PUJ-20260606,AI2728-YYZ-PUJ,YYZ,PUJ,PUJ,AI2728,OWN,t,110,2026-06-06,14:00:00,174,0,123,0,0.7069,345.00,345.00,0.00,0.00,0.7800,0.7069,,,,,,,0.00,5.00,,,,,2026-05-30,7,348.00,190.00,0.5460,199.46,0.5732,118.16,0.3395,f,f,,f,,,2026-06-11 07:25:42.197356,
AI2902-YUL-PUJ-20260607,AI2902-YUL-PUJ,YUL,PUJ,PUJ,AI2902,OWN,t,111,2026-06-07,08:00:00,174,0,108,0,0.6207,225.00,225.00,0.00,0.00,0.7800,0.6207,,,,,,,0.00,5.00,,,,,2026-05-31,7,174.00,76.00,0.4368,78.05,0.4486,59.08,0.3395,f,f,,f,,,2026-06-11 07:25:42.197356,
AI2700-YYZ-PUJ-20260607,AI2700-YYZ-PUJ,YYZ,PUJ,PUJ,AI2700,OWN,t,111,2026-06-07,10:00:00,174,0,131,0,0.7529,345.00,345.00,0.00,0.00,0.7800,0.7529,,,,,,,0.00,5.00,,,,,2026-05-31,7,174.00,112.00,0.6437,117.75,0.6767,59.08,0.3395,f,f,,f,,,2026-06-11 07:25:42.197356,
AI2902-YUL-PUJ-20260608,AI2902-YUL-PUJ,YUL,PUJ,PUJ,AI2902,OWN,t,111,2026-06-08,08:00:00,174,0,109,0,0.6264,225.00,225.00,0.00,0.00,0.7800,0.6264,,,,,,,2.00,5.00,,,,,2026-05-25,14,174.00,90.00,0.5172,99.35,0.5710,62.49,0.3591,f,f,,f,,,2026-06-11 07:25:42.197356,
AI2700-YYZ-PUJ-20260608,AI2700-YYZ-PUJ,YYZ,PUJ,PUJ,AI2700,OWN,t,111,2026-06-08,10:00:00,174,0,141,0,0.8103,345.00,345.00,0.00,0.00,0.7800,0.8103,,,,,,,0.00,5.00,,,,,2026-05-25,14,174.00,110.00,0.6322,115.16,0.6618,62.49,0.3591,f,f,,f,,,2026-06-11 07:25:42.197356,
AI2908-YUL-POP-20260609,AI2908-YUL-POP,YUL,POP,POP,AI2908,OWN,t,111,2026-06-09,09:15:00,174,0,155,0,0.8908,115.00,115.00,0.00,0.00,0.7800,0.8908,,,,,,,0.00,5.00,,,,,2026-05-26,14,174.00,141.00,0.8103,146.33,0.8410,62.49,0.3591,f,f,,f,,,2026-06-11 07:25:42.197356,
AI2506-YYZ-POP-20260609,AI2506-YYZ-POP,YYZ,POP,POP,AI2506,OWN,t,111,2026-06-09,11:30:00,90,0,86,0,0.9556,95.00,95.00,0.00,0.00,0.7800,0.9556,,,,,,,0.00,5.00,,,,,2026-05-26,14,90.00,77.00,0.8556,82.23,0.9137,62.49,0.6943,f,f,,f,,,2026-06-11 07:25:42.197356,
AI2902-YUL-PUJ-20260609,AI2902-YUL-PUJ,YUL,PUJ,PUJ,AI2902,OWN,t,111,2026-06-09,08:00:00,174,0,105,0,0.6034,225.00,225.00,0.00,0.00,0.7800,0.6034,,,,,,,0.00,5.00,,,,,2026-05-26,14,174.00,95.00,0.5460,104.05,0.5980,62.49,0.3591,f,f,,f,,,2026-06-11 07:25:42.197356,
AI2702-YYZ-PUJ-20260609,AI2702-YYZ-PUJ,YYZ,PUJ,PUJ,AI2702,OWN,t,111,2026-06-09,08:00:00,174,0,150,0,0.8621,345.00,345.00,0.00,0.00,0.7800,0.8621,,,,,,,0.00,5.00,,,,,2026-05-26,14,174.00,122.00,0.7011,132.64,0.7623,62.49,0.3591,f,f,,f,,,2026-06-11 07:25:42.197356,
AI2902-YUL-PUJ-20260610,AI2902-YUL-PUJ,YUL,PUJ,PUJ,AI2902,OWN,t,111,2026-06-10,08:00:00,174,0,95,0,0.5460,225.00,225.00,0.00,0.00,0.7800,0.5460,,,,,,,2.00,5.00,,,,,2026-05-27,14,348.00,177.00,0.5086,205.44,0.5903,124.98,0.3591,f,f,,f,,,2026-06-11 07:25:42.197356,
AI2916-YUL-PUJ-20260610,AI2916-YUL-PUJ,YUL,PUJ,PUJ,AI2916,OWN,t,111,2026-06-10,09:00:00,174,0,105,0,0.6034,515.00,515.00,0.00,0.00,0.7800,0.6034,,,,,,,0.00,5.00,,,,,2026-05-27,14,348.00,177.00,0.5086,205.44,0.5903,124.98,0.3591,f,f,,f,,,2026-06-11 07:25:42.197356,
AI2700-YYZ-PUJ-20260610,AI2700-YYZ-PUJ,YYZ,PUJ,PUJ,AI2700,OWN,t,111,2026-06-10,10:00:00,174,0,130,0,0.7471,345.00,345.00,0.00,0.00,0.7800,0.7471,,,,,,,0.00,5.00,,,,,2026-05-27,14,174.00,102.00,0.5862,107.72,0.6191,62.49,0.3591,f,f,,f,,,2026-06-11 07:25:42.197356,
AI2908-YUL-POP-20260611,AI2908-YUL-POP,YUL,POP,POP,AI2908,OWN,t,111,2026-06-11,09:00:00,174,0,151,0,0.8678,115.00,115.00,0.00,0.00,0.7800,0.8678,,,,,,,0.00,5.00,,,,,2026-05-28,14,174.00,146.00,0.8391,160.25,0.9210,62.49,0.3591,f,f,,f,,,2026-06-11 07:25:42.197356,
AI2902-YUL-PUJ-20260611,AI2902-YUL-PUJ,YUL,PUJ,PUJ,AI2902,OWN,t,111,2026-06-11,08:00:00,174,0,123,0,0.7069,225.00,225.00,0.00,0.00,0.7800,0.7069,,,,,,,2.00,5.00,,,,,2026-05-28,14,348.00,99.00,0.2845,111.50,0.3204,124.98,0.3591,f,f,,f,,,2026-06-11 07:25:42.197356,
AI2700-YYZ-PUJ-20260611,AI2700-YYZ-PUJ,YYZ,PUJ,PUJ,AI2700,OWN,t,111,2026-06-11,09:45:00,174,0,116,0,0.6667,345.00,345.00,0.00,0.00,0.7800,0.6667,,,,,,,4.00,5.00,,,,,2026-05-28,14,174.00,76.00,0.4368,89.02,0.5116,62.49,0.3591,f,f,,f,,,2026-06-11 07:25:42.197356,
AI2740-YYZ-POP-20260612,AI2740-YYZ-POP,YYZ,POP,POP,AI2740,OWN,t,111,2026-06-12,07:30:00,174,0,160,0,0.9195,95.00,95.00,0.00,0.00,0.7800,0.9195,,,,,,,0.00,5.00,,,,,2026-05-29,14,174.00,155.00,0.8908,174.71,1.0041,62.49,0.3591,f,f,,f,,,2026-06-11 07:25:42.197356,
AI2902-YUL-PUJ-20260612,AI2902-YUL-PUJ,YUL,PUJ,PUJ,AI2902,OWN,t,111,2026-06-12,08:00:00,174,0,97,0,0.5575,225.00,225.00,0.00,0.00,0.7800,0.5575,,,,,,,0.00,5.00,,,,,2026-05-29,14,174.00,87.00,0.5000,97.90,0.5626,62.49,0.3591,f,f,,f,,,2026-06-11 07:25:42.197356,
AI2700-YYZ-PUJ-20260612,AI2700-YYZ-PUJ,YYZ,PUJ,PUJ,AI2700,OWN,t,111,2026-06-12,10:00:00,174,0,114,0,0.6552,345.00,345.00,0.00,0.00,0.7800,0.6552,,,,,,,0.00,5.00,,,,,2026-05-29,14,174.00,92.00,0.5287,104.01,0.5978,62.49,0.3591,f,f,,f,,,2026-06-11 07:25:42.197356,
AI2938-YQB-PUJ-20260613,AI2938-YQB-PUJ,YQB,PUJ,PUJ,AI2938,OWN,t,111,2026-06-13,10:35:00,174,0,131,0,0.7529,15.00,15.00,0.00,0.00,0.7800,0.7529,,,,,,,2.00,5.00,,,,,2026-05-30,14,174.00,128.00,0.7356,136.61,0.7851,62.49,0.3591,f,f,,f,,,2026-06-11 07:25:42.197356,
AI2902-YUL-PUJ-20260613,AI2902-YUL-PUJ,YUL,PUJ,PUJ,AI2902,OWN,t,111,2026-06-13,09:30:00,174,0,109,0,0.6264,225.00,225.00,0.00,0.00,0.7800,0.6264,,,,,,,0.00,5.00,,,,,2026-05-30,14,174.00,107.00,0.6149,127.59,0.7333,62.49,0.3591,f,f,,f,,,2026-06-11 07:25:42.197356,
AI2704-YYZ-PUJ-20260613,AI2704-YYZ-PUJ,YYZ,PUJ,PUJ,AI2704,OWN,t,111,2026-06-13,14:50:00,174,0,99,0,0.5690,355.00,355.00,0.00,0.00,0.7800,0.5690,,,,,,,0.00,5.00,,,,,2026-05-30,14,348.00,178.00,0.5115,200.74,0.5768,124.98,0.3591,f,f,,f,,,2026-06-11 07:25:42.197356,
AI2728-YYZ-PUJ-20260613,AI2728-YYZ-PUJ,YYZ,PUJ,PUJ,AI2728,OWN,t,111,2026-06-13,14:00:00,174,0,106,0,0.6092,345.00,345.00,0.00,0.00,0.7800,0.6092,,,,,,,0.00,5.00,,,,,2026-05-30,14,348.00,178.00,0.5115,200.74,0.5768,124.98,0.3591,f,f,,f,,,2026-06-11 07:25:42.197356,
AI2902-YUL-PUJ-20260614,AI2902-YUL-PUJ,YUL,PUJ,PUJ,AI2902,OWN,t,112,2026-06-14,08:00:00,174,0,107,0,0.6149,225.00,225.00,0.00,0.00,0.7800,0.6149,,,,,,,0.00,5.00,,,,,2026-05-31,14,174.00,95.00,0.5460,109.30,0.6282,62.49,0.3591,f,f,,f,,,2026-06-11 07:25:42.197356,
AI2700-YYZ-PUJ-20260614,AI2700-YYZ-PUJ,YYZ,PUJ,PUJ,AI2700,OWN,t,112,2026-06-14,10:00:00,174,0,107,0,0.6149,345.00,345.00,0.00,0.00,0.7800,0.6149,,,,,,,0.00,5.00,,,,,2026-05-31,14,174.00,94.00,0.5402,106.34,0.6111,62.49,0.3591,f,f,,f,,,2026-06-11 07:25:42.197356,
AI2902-YUL-PUJ-20260615,AI2902-YUL-PUJ,YUL,PUJ,PUJ,AI2902,OWN,t,112,2026-06-15,08:00:00,174,0,106,0,0.6092,225.00,225.00,0.00,0.00,0.7800,0.6092,,,,,,,1.00,5.00,,,,,2026-05-25,21,174.00,87.00,0.5000,108.06,0.6210,83.59,0.4804,f,f,,f,,,2026-06-11 07:25:42.197356,
AI2700-YYZ-PUJ-20260615,AI2700-YYZ-PUJ,YYZ,PUJ,PUJ,AI2700,OWN,t,112,2026-06-15,10:00:00,174,0,120,0,0.6897,345.00,345.00,0.00,0.00,0.7800,0.6897,,,,,,,0.00,5.00,,,,,2026-05-25,21,174.00,87.00,0.5000,105.29,0.6051,83.59,0.4804,f,f,,f,,,2026-06-11 07:25:42.197356,
AI2908-YUL-POP-20260616,AI2908-YUL-POP,YUL,POP,POP,AI2908,OWN,t,112,2026-06-16,09:15:00,174,0,161,0,0.9253,115.00,115.00,0.00,0.00,0.7800,0.9253,,,,,,,0.00,5.00,,,,,2026-05-26,21,174.00,155.00,0.8908,170.75,0.9813,83.59,0.4804,f,f,,f,,,2026-06-11 07:25:42.197356,
AI2506-YYZ-POP-20260616,AI2506-YYZ-POP,YYZ,POP,POP,AI2506,OWN,t,112,2026-06-16,11:30:00,90,0,79,0,0.8778,95.00,95.00,0.00,0.00,0.7800,0.8778,,,,,,,0.00,5.00,,,,,2026-05-26,21,90.00,69.00,0.7667,77.87,0.8652,83.59,0.9288,f,f,,f,,,2026-06-11 07:25:42.197356,
AI2902-YUL-PUJ-20260616,AI2902-YUL-PUJ,YUL,PUJ,PUJ,AI2902,OWN,t,112,2026-06-16,08:00:00,174,0,87,0,0.5000,225.00,225.00,0.00,0.00,0.7800,0.5000,,,,,,,0.00,5.00,,,,,2026-05-26,21,174.00,79.00,0.4540,94.96,0.5457,83.59,0.4804,f,f,,f,,,2026-06-11 07:25:42.197356,
AI2702-YYZ-PUJ-20260616,AI2702-YYZ-PUJ,YYZ,PUJ,PUJ,AI2702,OWN,t,112,2026-06-16,08:00:00,174,0,102,0,0.5862,345.00,345.00,0.00,0.00,0.7800,0.5862,,,,,,,0.00,5.00,,,,,2026-05-26,21,174.00,74.00,0.4253,89.86,0.5164,83.59,0.4804,f,f,,f,,,2026-06-11 07:25:42.197356,
AI2902-YUL-PUJ-20260617,AI2902-YUL-PUJ,YUL,PUJ,PUJ,AI2902,OWN,t,112,2026-06-17,08:00:00,174,0,77,0,0.4425,225.00,225.00,0.00,0.00,0.7800,0.4425,,,,,,,0.00,5.00,,,,,2026-05-27,21,348.00,151.00,0.4339,184.36,0.5298,167.18,0.4804,f,f,,f,,,2026-06-11 07:25:42.197356,
AI2916-YUL-PUJ-20260617,AI2916-YUL-PUJ,YUL,PUJ,PUJ,AI2916,OWN,t,112,2026-06-17,09:00:00,174,0,90,0,0.5172,515.00,515.00,0.00,0.00,0.7800,0.5172,,,,,,,0.00,5.00,,,,,2026-05-27,21,348.00,151.00,0.4339,184.36,0.5298,167.18,0.4804,f,f,,f,,,2026-06-11 07:25:42.197356,
AI2700-YYZ-PUJ-20260617,AI2700-YYZ-PUJ,YYZ,PUJ,PUJ,AI2700,OWN,t,112,2026-06-17,10:00:00,174,0,115,0,0.6609,345.00,345.00,0.00,0.00,0.7800,0.6609,,,,,,,0.00,5.00,,,,,2026-05-27,21,174.00,91.00,0.5230,104.71,0.6018,83.59,0.4804,f,f,,f,,,2026-06-11 07:25:42.197356,
AI2908-YUL-POP-20260618,AI2908-YUL-POP,YUL,POP,POP,AI2908,OWN,t,112,2026-06-18,09:00:00,174,0,134,0,0.7701,115.00,115.00,0.00,0.00,0.7800,0.7701,,,,,,,0.00,5.00,,,,,2026-05-28,21,174.00,132.00,0.7586,147.69,0.8488,83.59,0.4804,f,f,,f,,,2026-06-11 07:25:42.197356,
AI2902-YUL-PUJ-20260618,AI2902-YUL-PUJ,YUL,PUJ,PUJ,AI2902,OWN,t,112,2026-06-18,08:00:00,174,0,105,0,0.6034,225.00,225.00,0.00,0.00,0.7800,0.6034,,,,,,,0.00,5.00,,,,,2026-05-28,21,174.00,90.00,0.5172,107.11,0.6156,83.59,0.4804,f,f,,f,,,2026-06-11 07:25:42.197356,
AI2700-YYZ-PUJ-20260618,AI2700-YYZ-PUJ,YYZ,PUJ,PUJ,AI2700,OWN,t,112,2026-06-18,09:45:00,174,0,111,0,0.6379,345.00,345.00,0.00,0.00,0.7800,0.6379,,,,,,,0.00,5.00,,,,,2026-05-28,21,174.00,79.00,0.4540,101.72,0.5846,83.59,0.4804,f,f,,f,,,2026-06-11 07:25:42.197356,
AI2740-YYZ-POP-20260619,AI2740-YYZ-POP,YYZ,POP,POP,AI2740,OWN,t,112,2026-06-19,07:30:00,174,0,133,0,0.7644,95.00,95.00,0.00,0.00,0.7800,0.7644,,,,,,,0.00,5.00,,,,,2026-05-29,21,174.00,117.00,0.6724,148.34,0.8525,83.59,0.4804,f,f,,f,,,2026-06-11 07:25:42.197356,
AI2902-YUL-PUJ-20260619,AI2902-YUL-PUJ,YUL,PUJ,PUJ,AI2902,OWN,t,112,2026-06-19,08:00:00,174,0,92,0,0.5287,445.00,445.00,0.00,0.00,0.7800,0.5287,,,,,,,0.00,5.00,,,,,2026-05-29,21,174.00,83.00,0.4770,98.71,0.5673,83.59,0.4804,f,f,,f,,,2026-06-11 07:25:42.197356,
AI2700-YYZ-PUJ-20260619,AI2700-YYZ-PUJ,YYZ,PUJ,PUJ,AI2700,OWN,t,112,2026-06-19,10:00:00,174,0,100,0,0.5747,345.00,345.00,0.00,0.00,0.7800,0.5747,,,,,,,0.00,5.00,,,,,2026-05-29,21,174.00,87.00,0.5000,109.31,0.6282,83.59,0.4804,f,f,,f,,,2026-06-11 07:25:42.197356,
AI2938-YQB-PUJ-20260620,AI2938-YQB-PUJ,YQB,PUJ,PUJ,AI2938,OWN,t,112,2026-06-20,10:35:00,174,0,134,0,0.7701,315.00,315.00,0.00,0.00,0.7800,0.7701,,,,,,,0.00,5.00,,,,,2026-05-30,21,174.00,134.00,0.7701,153.80,0.8839,83.59,0.4804,f,f,,f,,,2026-06-11 07:25:42.197356,
AI2902-YUL-PUJ-20260620,AI2902-YUL-PUJ,YUL,PUJ,PUJ,AI2902,OWN,t,112,2026-06-20,09:30:00,174,0,150,0,0.8621,595.00,595.00,0.00,0.00,0.7800,0.8621,,,,,,,3.00,5.00,,,,,2026-05-30,21,174.00,124.00,0.7126,136.81,0.7863,83.59,0.4804,f,f,,f,,,2026-06-11 07:25:42.197356,
AI2704-YYZ-PUJ-20260620,AI2704-YYZ-PUJ,YYZ,PUJ,PUJ,AI2704,OWN,t,112,2026-06-20,14:50:00,174,0,68,0,0.3908,355.00,355.00,0.00,0.00,0.7800,0.3908,,,,,,,0.00,5.00,,,,,2026-05-30,21,348.00,125.00,0.3592,165.82,0.4765,167.18,0.4804,f,f,,f,,,2026-06-11 07:25:42.197356,
AI2728-YYZ-PUJ-20260620,AI2728-YYZ-PUJ,YYZ,PUJ,PUJ,AI2728,OWN,t,112,2026-06-20,14:00:00,174,0,82,0,0.4713,345.00,345.00,0.00,0.00,0.7800,0.4713,,,,,,,0.00,5.00,,,,,2026-05-30,21,348.00,125.00,0.3592,165.82,0.4765,167.18,0.4804,f,f,,f,,,2026-06-11 07:25:42.197356,
AI2902-YUL-PUJ-20260621,AI2902-YUL-PUJ,YUL,PUJ,PUJ,AI2902,OWN,t,113,2026-06-21,08:00:00,174,0,125,0,0.7184,595.00,595.00,0.00,0.00,0.7800,0.7184,,,,,,,0.00,5.00,,,,,2026-05-31,21,174.00,85.00,0.4885,110.57,0.6355,83.59,0.4804,f,f,,f,,,2026-06-11 07:25:42.197356,
AI2700-YYZ-PUJ-20260621,AI2700-YYZ-PUJ,YYZ,PUJ,PUJ,AI2700,OWN,t,113,2026-06-21,10:00:00,174,0,102,0,0.5862,345.00,345.00,0.00,0.00,0.7800,0.5862,,,,,,,0.00,5.00,,,,,2026-05-31,21,174.00,82.00,0.4713,92.22,0.5300,83.59,0.4804,f,f,,f,,,2026-06-11 07:25:42.197356,
AI2902-YUL-PUJ-20260622,AI2902-YUL-PUJ,YUL,PUJ,PUJ,AI2902,OWN,t,113,2026-06-22,08:00:00,174,0,106,0,0.6092,595.00,595.00,0.00,0.00,0.7800,0.6092,,,,,,,0.00,5.00,,,,,2026-05-23,30,174.00,89.00,0.5115,107.12,0.6156,92.61,0.5322,f,f,,f,,,2026-06-11 07:25:42.197356,
AI2700-YYZ-PUJ-20260622,AI2700-YYZ-PUJ,YYZ,PUJ,PUJ,AI2700,OWN,t,113,2026-06-22,10:00:00,174,0,90,0,0.5172,345.00,345.00,0.00,0.00,0.7800,0.5172,,,,,,,0.00,5.00,,,,,2026-05-23,30,174.00,73.00,0.4195,98.79,0.5678,92.61,0.5322,f,f,,f,,,2026-06-11 07:25:42.197356,
AI2908-YUL-POP-20260623,AI2908-YUL-POP,YUL,POP,POP,AI2908,OWN,t,113,2026-06-23,09:15:00,174,0,147,0,0.8448,175.00,175.00,0.00,0.00,0.7800,0.8448,,,,,,,0.00,5.00,,,,,2026-05-24,30,174.00,132.00,0.7586,171.32,0.9846,92.61,0.5322,f,f,,f,,,2026-06-11 07:25:42.197356,
AI2506-YYZ-POP-20260623,AI2506-YYZ-POP,YYZ,POP,POP,AI2506,OWN,t,113,2026-06-23,11:30:00,90,0,64,0,0.7111,95.00,95.00,0.00,0.00,0.7800,0.7111,,,,,,,0.00,5.00,,,,,2026-05-24,30,90.00,55.00,0.6111,70.45,0.7828,92.61,1.0290,f,f,,f,,,2026-06-11 07:25:42.197356,
AI2902-YUL-PUJ-20260623,AI2902-YUL-PUJ,YUL,PUJ,PUJ,AI2902,OWN,t,113,2026-06-23,08:00:00,174,0,99,0,0.5690,595.00,595.00,0.00,0.00,0.7800,0.5690,,,,,,,2.00,5.00,,,,,2026-05-24,30,174.00,83.00,0.4770,99.70,0.5730,92.61,0.5322,f,f,,f,,,2026-06-11 07:25:42.197356,
AI2702-YYZ-PUJ-20260623,AI2702-YYZ-PUJ,YYZ,PUJ,PUJ,AI2702,OWN,t,113,2026-06-23,08:00:00,174,0,98,0,0.5632,345.00,345.00,0.00,0.00,0.7800,0.5632,,,,,,,0.00,5.00,,,,,2026-05-24,30,174.00,75.00,0.4310,93.61,0.5380,92.61,0.5322,f,f,,f,,,2026-06-11 07:25:42.197356,
AI2902-YUL-PUJ-20260624,AI2902-YUL-PUJ,YUL,PUJ,PUJ,AI2902,OWN,t,113,2026-06-24,08:00:00,174,0,123,0,0.7069,595.00,595.00,0.00,0.00,0.7800,0.7069,,,,,,,0.00,5.00,,,,,2026-05-25,30,348.00,202.00,0.5805,245.00,0.7040,185.22,0.5322,f,f,,f,,,2026-06-11 07:25:42.197356,
AI2916-YUL-PUJ-20260624,AI2916-YUL-PUJ,YUL,PUJ,PUJ,AI2916,OWN,t,113,2026-06-24,09:00:00,174,0,115,0,0.6609,595.00,595.00,0.00,0.00,0.7800,0.6609,,,,,,,0.00,5.00,,,,,2026-05-25,30,348.00,202.00,0.5805,245.00,0.7040,185.22,0.5322,f,f,,f,,,2026-06-11 07:25:42.197356,
AI2700-YYZ-PUJ-20260624,AI2700-YYZ-PUJ,YYZ,PUJ,PUJ,AI2700,OWN,t,113,2026-06-24,10:00:00,174,0,102,0,0.5862,75.00,75.00,0.00,0.00,0.7800,0.5862,,,,,,,0.00,5.00,,,,,2026-05-25,30,174.00,101.00,0.5805,118.25,0.6796,92.61,0.5322,f,f,,f,,,2026-06-11 07:25:42.197356,
AI2908-YUL-POP-20260625,AI2908-YUL-POP,YUL,POP,POP,AI2908,OWN,t,113,2026-06-25,09:00:00,174,0,129,0,0.7414,175.00,175.00,0.00,0.00,0.7800,0.7414,,,,,,,0.00,5.00,,,,,2026-05-26,30,174.00,123.00,0.7069,152.80,0.8782,92.61,0.5322,f,f,,f,,,2026-06-11 07:25:42.197356,
AI2902-YUL-PUJ-20260625,AI2902-YUL-PUJ,YUL,PUJ,PUJ,AI2902,OWN,t,113,2026-06-25,08:00:00,174,0,132,0,0.7586,595.00,595.00,0.00,0.00,0.7800,0.7586,,,,,,,2.00,5.00,,,,,2026-05-26,30,174.00,86.00,0.4943,101.46,0.5831,92.61,0.5322,f,f,,f,,,2026-06-11 07:25:42.197356,
AI2700-YYZ-PUJ-20260625,AI2700-YYZ-PUJ,YYZ,PUJ,PUJ,AI2700,OWN,t,113,2026-06-25,09:45:00,174,0,117,0,0.6724,205.00,205.00,0.00,0.00,0.7800,0.6724,,,,,,,0.00,5.00,,,,,2026-05-26,30,174.00,95.00,0.5460,117.60,0.6759,92.61,0.5322,f,f,,f,,,2026-06-11 07:25:42.197356,
AI2740-YYZ-POP-20260626,AI2740-YYZ-POP,YYZ,POP,POP,AI2740,OWN,t,113,2026-06-26,07:30:00,174,0,120,0,0.6897,195.00,195.00,0.00,0.00,0.7800,0.6897,,,,,,,0.00,5.00,,,,,2026-05-27,30,174.00,116.00,0.6667,138.23,0.7944,92.61,0.5322,f,f,,f,,,2026-06-11 07:25:42.197356,
AI2902-YUL-PUJ-20260626,AI2902-YUL-PUJ,YUL,PUJ,PUJ,AI2902,OWN,t,113,2026-06-26,08:00:00,174,0,107,0,0.6149,595.00,595.00,0.00,0.00,0.7800,0.6149,,,,,,,0.00,5.00,,,,,2026-05-27,30,174.00,93.00,0.5345,112.46,0.6463,92.61,0.5322,f,f,,f,,,2026-06-11 07:25:42.197356,
AI2700-YYZ-PUJ-20260626,AI2700-YYZ-PUJ,YYZ,PUJ,PUJ,AI2700,OWN,t,113,2026-06-26,10:00:00,174,0,123,0,0.7069,165.00,165.00,0.00,0.00,0.7800,0.7069,,,,,,,0.00,5.00,,,,,2026-05-27,30,174.00,102.00,0.5862,129.32,0.7432,92.61,0.5322,f,f,,f,,,2026-06-11 07:25:42.197356,
AI2938-YQB-PUJ-20260627,AI2938-YQB-PUJ,YQB,PUJ,PUJ,AI2938,OWN,t,113,2026-06-27,10:35:00,174,0,128,0,0.7356,515.00,515.00,0.00,0.00,0.7800,0.7356,,,,,,,0.00,5.00,,,,,2026-05-28,30,174.00,118.00,0.6782,133.33,0.7663,92.61,0.5322,f,f,,f,,,2026-06-11 07:25:42.197356,
AI2902-YUL-PUJ-20260627,AI2902-YUL-PUJ,YUL,PUJ,PUJ,AI2902,OWN,t,113,2026-06-27,09:30:00,174,0,108,0,0.6207,595.00,595.00,0.00,0.00,0.7800,0.6207,,,,,,,0.00,5.00,,,,,2026-05-28,30,174.00,78.00,0.4483,102.14,0.5870,92.61,0.5322,f,f,,f,,,2026-06-11 07:25:42.197356,
AI2704-YYZ-PUJ-20260627,AI2704-YYZ-PUJ,YYZ,PUJ,PUJ,AI2704,OWN,t,113,2026-06-27,14:50:00,174,0,105,0,0.6034,225.00,225.00,0.00,0.00,0.7800,0.6034,,,,,,,0.00,5.00,,,,,2026-05-28,30,348.00,185.00,0.5316,242.24,0.6961,185.22,0.5322,f,f,,f,,,2026-06-11 07:25:42.197356,
AI2728-YYZ-PUJ-20260627,AI2728-YYZ-PUJ,YYZ,PUJ,PUJ,AI2728,OWN,t,113,2026-06-27,14:00:00,174,0,111,0,0.6379,225.00,225.00,0.00,0.00,0.7800,0.6379,,,,,,,0.00,5.00,,,,,2026-05-28,30,348.00,185.00,0.5316,242.24,0.6961,185.22,0.5322,f,f,,f,,,2026-06-11 07:25:42.197356,
AI2902-YUL-PUJ-20260628,AI2902-YUL-PUJ,YUL,PUJ,PUJ,AI2902,OWN,t,114,2026-06-28,08:00:00,174,0,97,0,0.5575,595.00,595.00,0.00,0.00,0.7800,0.5575,,,,,,,0.00,5.00,,,,,2026-05-29,30,174.00,94.00,0.5402,121.96,0.7009,92.61,0.5322,f,f,,f,,,2026-06-11 07:25:42.197356,
AI2700-YYZ-PUJ-20260628,AI2700-YYZ-PUJ,YYZ,PUJ,PUJ,AI2700,OWN,t,114,2026-06-28,10:00:00,174,0,129,0,0.7414,325.00,325.00,0.00,0.00,0.7800,0.7414,,,,,,,0.00,5.00,,,,,2026-05-29,30,174.00,114.00,0.6552,161.86,0.9302,92.61,0.5322,f,f,,f,,,2026-06-11 07:25:42.197356,
AI2902-YUL-PUJ-20260629,AI2902-YUL-PUJ,YUL,PUJ,PUJ,AI2902,OWN,t,114,2026-06-29,08:00:00,174,0,100,0,0.5747,595.00,595.00,0.00,0.00,0.7800,0.5747,,,,,,,0.00,5.00,,,,,2026-05-30,30,174.00,82.00,0.4713,94.41,0.5426,59.30,0.3408,f,f,,f,,,2026-06-11 07:25:42.197356,
AI2700-YYZ-PUJ-20260629,AI2700-YYZ-PUJ,YYZ,PUJ,PUJ,AI2700,OWN,t,114,2026-06-29,10:00:00,174,0,94,0,0.5402,155.00,155.00,0.00,0.00,0.7800,0.5402,,,,,,,0.00,5.00,,,,,2026-05-30,30,174.00,87.00,0.5000,112.79,0.6482,59.30,0.3408,f,f,,f,,,2026-06-11 07:25:42.197356,
AI2908-YUL-POP-20260630,AI2908-YUL-POP,YUL,POP,POP,AI2908,OWN,t,114,2026-06-30,09:15:00,174,0,167,0,0.9598,0.00,0.00,0.00,0.00,0.7800,0.9598,,,,,,,0.00,5.00,,,,,2026-05-31,30,174.00,151.00,0.8678,165.70,0.9523,59.30,0.3408,f,f,,f,,,2026-06-11 07:25:42.197356,
AI2506-YYZ-POP-20260630,AI2506-YYZ-POP,YYZ,POP,POP,AI2506,OWN,t,114,2026-06-30,11:30:00,90,0,61,0,0.6778,195.00,195.00,0.00,0.00,0.7800,0.6778,,,,,,,0.00,5.00,,,,,2026-05-31,30,90.00,51.00,0.5667,68.98,0.7664,59.30,0.6589,f,f,,f,,,2026-06-11 07:25:42.197356,
AI2902-YUL-PUJ-20260630,AI2902-YUL-PUJ,YUL,PUJ,PUJ,AI2902,OWN,t,114,2026-06-30,08:00:00,174,0,94,0,0.5402,595.00,595.00,0.00,0.00,0.7800,0.5402,,,,,,,3.00,5.00,,,,,2026-05-31,30,174.00,81.00,0.4655,107.27,0.6165,59.30,0.3408,f,f,,f,,,2026-06-11 07:25:42.197356,
AI2702-YYZ-PUJ-20260630,AI2702-YYZ-PUJ,YYZ,PUJ,PUJ,AI2702,OWN,t,114,2026-06-30,08:00:00,174,0,84,0,0.4828,105.00,105.00,0.00,0.00,0.7800,0.4828,,,,,,,0.00,5.00,,,,,2026-05-31,30,174.00,66.00,0.3793,86.15,0.4951,59.30,0.3408,f,f,,f,,,2026-06-11 07:25:42.197356,
AI2902-YUL-PUJ-20260701,AI2902-YUL-PUJ,YUL,PUJ,PUJ,AI2902,OWN,t,114,2026-07-01,08:00:00,174,0,112,0,0.6437,595.00,595.00,0.00,0.00,0.7800,0.6437,,,,,,,0.00,5.00,,,,,2026-05-17,45,348.00,199.00,0.5718,263.81,0.7581,146.52,0.4210,f,f,,f,,,2026-06-11 07:25:42.197356,
AI2916-YUL-PUJ-20260701,AI2916-YUL-PUJ,YUL,PUJ,PUJ,AI2916,OWN,t,114,2026-07-01,09:00:00,174,0,114,0,0.6552,595.00,595.00,0.00,0.00,0.7800,0.6552,,,,,,,0.00,5.00,,,,,2026-05-17,45,348.00,199.00,0.5718,263.81,0.7581,146.52,0.4210,f,f,,f,,,2026-06-11 07:25:42.197356,
AI2700-YYZ-PUJ-20260701,AI2700-YYZ-PUJ,YYZ,PUJ,PUJ,AI2700,OWN,t,114,2026-07-01,10:00:00,174,0,101,0,0.5805,165.00,165.00,0.00,0.00,0.7800,0.5805,,,,,,,0.00,5.00,,,,,2026-05-17,45,174.00,72.00,0.4138,93.22,0.5357,73.26,0.4210,f,f,,f,,,2026-06-11 07:25:42.197356,
AI2908-YUL-POP-20260702,AI2908-YUL-POP,YUL,POP,POP,AI2908,OWN,t,114,2026-07-02,09:00:00,174,0,101,0,0.5805,245.00,245.00,0.00,0.00,0.7800,0.5805,,,,,,,0.00,5.00,,,,,2026-05-18,45,174.00,79.00,0.4540,95.95,0.5514,73.26,0.4210,f,f,,f,,,2026-06-11 07:25:42.197356,
AI2902-YUL-PUJ-20260702,AI2902-YUL-PUJ,YUL,PUJ,PUJ,AI2902,OWN,t,114,2026-07-02,08:00:00,174,0,100,0,0.5747,595.00,595.00,0.00,0.00,0.7800,0.5747,,,,,,,0.00,5.00,,,,,2026-05-18,45,174.00,67.00,0.3851,105.37,0.6056,73.26,0.4210,f,f,,f,,,2026-06-11 07:25:42.197356,
AI2700-YYZ-PUJ-20260702,AI2700-YYZ-PUJ,YYZ,PUJ,PUJ,AI2700,OWN,t,114,2026-07-02,09:45:00,174,0,102,0,0.5862,155.00,155.00,0.00,0.00,0.7800,0.5862,,,,,,,0.00,5.00,,,,,2026-05-18,45,174.00,79.00,0.4540,94.70,0.5443,73.26,0.4210,f,f,,f,,,2026-06-11 07:25:42.197356,
AI2740-YYZ-POP-20260703,AI2740-YYZ-POP,YYZ,POP,POP,AI2740,OWN,t,114,2026-07-03,07:30:00,174,0,72,0,0.4138,115.00,115.00,0.00,0.00,0.7800,0.4138,,,,,,,0.00,5.00,,,,,2026-05-19,45,174.00,55.00,0.3161,106.33,0.6111,73.26,0.4210,f,f,,f,,,2026-06-11 07:25:42.197356,
AI2902-YUL-PUJ-20260703,AI2902-YUL-PUJ,YUL,PUJ,PUJ,AI2902,OWN,t,114,2026-07-03,08:00:00,174,0,88,0,0.5057,595.00,595.00,0.00,0.00,0.7800,0.5057,,,,,,,0.00,5.00,,,,,2026-05-19,45,174.00,67.00,0.3851,98.24,0.5646,73.26,0.4210,f,f,,f,,,2026-06-11 07:25:42.197356,
AI2700-YYZ-PUJ-20260703,AI2700-YYZ-PUJ,YYZ,PUJ,PUJ,AI2700,OWN,t,114,2026-07-03,10:00:00,174,0,99,0,0.5690,155.00,155.00,0.00,0.00,0.7800,0.5690,,,,,,,0.00,5.00,,,,,2026-05-19,45,174.00,60.00,0.3448,74.74,0.4295,73.26,0.4210,f,f,,f,,,2026-06-11 07:25:42.197356,
AI2938-YQB-PUJ-20260704,AI2938-YQB-PUJ,YQB,PUJ,PUJ,AI2938,OWN,t,114,2026-07-04,10:35:00,174,0,110,0,0.6322,305.00,305.00,0.00,0.00,0.7800,0.6322,,,,,,,0.00,5.00,,,,,2026-05-20,45,174.00,106.00,0.6092,120.33,0.6916,73.26,0.4210,f,f,,f,,,2026-06-11 07:25:42.197356,
AI2902-YUL-PUJ-20260704,AI2902-YUL-PUJ,YUL,PUJ,PUJ,AI2902,OWN,t,114,2026-07-04,09:30:00,174,0,106,0,0.6092,595.00,595.00,0.00,0.00,0.7800,0.6092,,,,,,,1.00,5.00,,,,,2026-05-20,45,174.00,84.00,0.4828,113.46,0.6521,73.26,0.4210,f,f,,f,,,2026-06-11 07:25:42.197356,
AI2704-YYZ-PUJ-20260704,AI2704-YYZ-PUJ,YYZ,PUJ,PUJ,AI2704,OWN,t,114,2026-07-04,14:50:00,174,0,50,0,0.2874,45.00,45.00,0.00,0.00,0.7800,0.2874,,,,,,,0.00,5.00,,,,,2026-05-20,45,348.00,87.00,0.2500,152.04,0.4369,146.52,0.4210,f,f,,f,,,2026-06-11 07:25:42.197356,
AI2728-YYZ-PUJ-20260704,AI2728-YYZ-PUJ,YYZ,PUJ,PUJ,AI2728,OWN,t,114,2026-07-04,14:00:00,174,0,59,0,0.3391,45.00,45.00,0.00,0.00,0.7800,0.3391,,,,,,,0.00,5.00,,,,,2026-05-20,45,348.00,87.00,0.2500,152.04,0.4369,146.52,0.4210,f,f,,f,,,2026-06-11 07:25:42.197356,
AI2902-YUL-PUJ-20260705,AI2902-YUL-PUJ,YUL,PUJ,PUJ,AI2902,OWN,t,115,2026-07-05,08:00:00,174,0,95,0,0.5460,595.00,595.00,0.00,0.00,0.7800,0.5460,,,,,,,0.00,5.00,,,,,2026-05-21,45,174.00,62.00,0.3563,92.81,0.5334,73.26,0.4210,f,f,,f,,,2026-06-11 07:25:42.197356,
AI2700-YYZ-PUJ-20260705,AI2700-YYZ-PUJ,YYZ,PUJ,PUJ,AI2700,OWN,t,115,2026-07-05,10:00:00,174,0,47,0,0.2701,55.00,55.00,0.00,0.00,0.7800,0.2701,,,,,,,0.00,5.00,,,,,2026-05-21,45,174.00,38.00,0.2184,58.77,0.3378,73.26,0.4210,f,f,,f,,,2026-06-11 07:25:42.197356,
AI2902-YUL-PUJ-20260706,AI2902-YUL-PUJ,YUL,PUJ,PUJ,AI2902,OWN,t,115,2026-07-06,08:00:00,174,0,97,0,0.5575,595.00,595.00,0.00,0.00,0.7800,0.5575,,,,,,,2.00,5.00,,,,,2026-05-22,45,174.00,83.00,0.4770,104.14,0.5985,67.55,0.3882,f,f,,f,,,2026-06-11 07:25:42.197356,
AI2700-YYZ-PUJ-20260706,AI2700-YYZ-PUJ,YYZ,PUJ,PUJ,AI2700,OWN,t,115,2026-07-06,10:00:00,174,0,51,0,0.2931,45.00,45.00,0.00,0.00,0.7800,0.2931,,,,,,,0.00,5.00,,,,,2026-05-22,45,174.00,47.00,0.2701,65.02,0.3737,67.55,0.3882,f,f,,f,,,2026-06-11 07:25:42.197356,
AI2908-YUL-POP-20260707,AI2908-YUL-POP,YUL,POP,POP,AI2908,OWN,t,115,2026-07-07,09:15:00,174,0,101,0,0.5805,225.00,225.00,0.00,0.00,0.7800,0.5805,,,,,,,0.00,5.00,,,,,2026-05-23,45,174.00,86.00,0.4943,119.06,0.6843,67.55,0.3882,f,f,,f,,,2026-06-11 07:25:42.197356,
AI2506-YYZ-POP-20260707,AI2506-YYZ-POP,YYZ,POP,POP,AI2506,OWN,t,115,2026-07-07,11:30:00,90,0,24,0,0.2667,55.00,55.00,0.00,0.00,0.7800,0.2667,,,,,,,0.00,5.00,,,,,2026-05-23,45,90.00,24.00,0.2667,40.87,0.4541,67.55,0.7506,f,f,,f,,,2026-06-11 07:25:42.197356,
AI2902-YUL-PUJ-20260707,AI2902-YUL-PUJ,YUL,PUJ,PUJ,AI2902,OWN,t,115,2026-07-07,08:00:00,174,0,94,0,0.5402,595.00,595.00,0.00,0.00,0.7800,0.5402,,,,,,,0.00,5.00,,,,,2026-05-23,45,174.00,76.00,0.4368,109.86,0.6314,67.55,0.3882,f,f,,f,,,2026-06-11 07:25:42.197356,
AI2702-YYZ-PUJ-20260707,AI2702-YYZ-PUJ,YYZ,PUJ,PUJ,AI2702,OWN,t,115,2026-07-07,08:00:00,174,0,65,0,0.3736,45.00,45.00,0.00,0.00,0.7800,0.3736,,,,,,,0.00,5.00,,,,,2026-05-23,45,174.00,50.00,0.2874,75.87,0.4360,67.55,0.3882,f,f,,f,,,2026-06-11 07:25:42.197356,
AI2902-YUL-PUJ-20260708,AI2902-YUL-PUJ,YUL,PUJ,PUJ,AI2902,OWN,t,115,2026-07-08,08:00:00,174,0,88,0,0.5057,595.00,595.00,0.00,0.00,0.7800,0.5057,,,,,,,4.00,5.00,,,,,2026-05-24,45,348.00,134.00,0.3851,197.68,0.5680,135.10,0.3882,f,f,,f,,,2026-06-11 07:25:42.197356,
AI2916-YUL-PUJ-20260708,AI2916-YUL-PUJ,YUL,PUJ,PUJ,AI2916,OWN,t,115,2026-07-08,09:00:00,174,0,70,0,0.4023,595.00,595.00,0.00,0.00,0.7800,0.4023,,,,,,,0.00,5.00,,,,,2026-05-24,45,348.00,134.00,0.3851,197.68,0.5680,135.10,0.3882,f,f,,f,,,2026-06-11 07:25:42.197356,
AI2700-YYZ-PUJ-20260708,AI2700-YYZ-PUJ,YYZ,PUJ,PUJ,AI2700,OWN,t,115,2026-07-08,10:00:00,174,0,78,0,0.4483,95.00,95.00,0.00,0.00,0.7800,0.4483,,,,,,,0.00,5.00,,,,,2026-05-24,45,174.00,51.00,0.2931,67.93,0.3904,67.55,0.3882,f,f,,f,,,2026-06-11 07:25:42.197356,
AI2908-YUL-POP-20260709,AI2908-YUL-POP,YUL,POP,POP,AI2908,OWN,t,115,2026-07-09,09:00:00,174,0,110,0,0.6322,255.00,255.00,0.00,0.00,0.7800,0.6322,,,,,,,0.00,5.00,,,,,2026-05-25,45,174.00,96.00,0.5517,146.05,0.8394,67.55,0.3882,f,f,,f,,,2026-06-11 07:25:42.197356,
AI2902-YUL-PUJ-20260709,AI2902-YUL-PUJ,YUL,PUJ,PUJ,AI2902,OWN,t,115,2026-07-09,08:00:00,174,0,80,0,0.4598,595.00,595.00,0.00,0.00,0.7800,0.4598,,,,,,,0.00,5.00,,,,,2026-05-25,45,174.00,80.00,0.4598,108.72,0.6248,67.55,0.3882,f,f,,f,,,2026-06-11 07:25:42.197356,
AI2700-YYZ-PUJ-20260709,AI2700-YYZ-PUJ,YYZ,PUJ,PUJ,AI2700,OWN,t,115,2026-07-09,09:45:00,174,0,63,0,0.3621,55.00,55.00,0.00,0.00,0.7800,0.3621,,,,,,,2.00,5.00,,,,,2026-05-25,45,174.00,48.00,0.2759,65.68,0.3775,67.55,0.3882,f,f,,f,,,2026-06-11 07:25:42.197356,
AI2740-YYZ-POP-20260710,AI2740-YYZ-POP,YYZ,POP,POP,AI2740,OWN,t,115,2026-07-10,07:30:00,174,0,45,0,0.2586,105.00,105.00,0.00,0.00,0.7800,0.2586,,,,,,,0.00,5.00,,,,,2026-05-26,45,174.00,33.00,0.1897,60.32,0.3467,67.55,0.3882,f,f,,f,,,2026-06-11 07:25:42.197356,
AI2902-YUL-PUJ-20260710,AI2902-YUL-PUJ,YUL,PUJ,PUJ,AI2902,OWN,t,115,2026-07-10,08:00:00,174,0,73,0,0.4195,595.00,595.00,0.00,0.00,0.7800,0.4195,,,,,,,0.00,5.00,,,,,2026-05-26,45,174.00,60.00,0.3448,75.87,0.4360,67.55,0.3882,f,f,,f,,,2026-06-11 07:25:42.197356,
AI2700-YYZ-PUJ-20260710,AI2700-YYZ-PUJ,YYZ,PUJ,PUJ,AI2700,OWN,t,115,2026-07-10,10:00:00,174,0,52,0,0.2989,55.00,55.00,0.00,0.00,0.7800,0.2989,,,,,,,0.00,5.00,,,,,2026-05-26,45,174.00,34.00,0.1954,48.77,0.2803,67.55,0.3882,f,f,,f,,,2026-06-11 07:25:42.197356,
AI2938-YQB-PUJ-20260711,AI2938-YQB-PUJ,YQB,PUJ,PUJ,AI2938,OWN,t,115,2026-07-11,10:35:00,174,0,79,0,0.4540,235.00,235.00,0.00,0.00,0.7800,0.4540,,,,,,,0.00,5.00,,,,,2026-05-27,45,174.00,78.00,0.4483,116.69,0.6706,67.55,0.3882,f,f,,f,,,2026-06-11 07:25:42.197356,
AI2902-YUL-PUJ-20260711,AI2902-YUL-PUJ,YUL,PUJ,PUJ,AI2902,OWN,t,115,2026-07-11,09:30:00,174,0,55,0,0.3161,595.00,595.00,0.00,0.00,0.7800,0.3161,,,,,,,0.00,5.00,,,,,2026-05-27,45,174.00,46.00,0.2644,68.38,0.3930,67.55,0.3882,f,f,,f,,,2026-06-11 07:25:42.197356,
AI2704-YYZ-PUJ-20260711,AI2704-YYZ-PUJ,YYZ,PUJ,PUJ,AI2704,OWN,t,115,2026-07-11,14:50:00,174,0,52,0,0.2989,55.00,55.00,0.00,0.00,0.7800,0.2989,,,,,,,4.00,5.00,,,,,2026-05-27,45,348.00,81.00,0.2328,116.62,0.3351,135.10,0.3882,f,f,,f,,,2026-06-11 07:25:42.197356,
AI2728-YYZ-PUJ-20260711,AI2728-YYZ-PUJ,YYZ,PUJ,PUJ,AI2728,OWN,t,115,2026-07-11,14:00:00,174,0,51,0,0.2931,55.00,55.00,0.00,0.00,0.7800,0.2931,,,,,,,0.00,5.00,,,,,2026-05-27,45,348.00,81.00,0.2328,116.62,0.3351,135.10,0.3882,f,f,,f,,,2026-06-11 07:25:42.197356,
AI2902-YUL-PUJ-20260712,AI2902-YUL-PUJ,YUL,PUJ,PUJ,AI2902,OWN,t,116,2026-07-12,08:00:00,174,0,61,0,0.3506,595.00,595.00,0.00,0.00,0.7800,0.3506,,,,,,,0.00,5.00,,,,,2026-05-28,45,174.00,49.00,0.2816,77.26,0.4440,67.55,0.3882,f,f,,f,,,2026-06-11 07:25:42.197356,
AI2700-YYZ-PUJ-20260712,AI2700-YYZ-PUJ,YYZ,PUJ,PUJ,AI2700,OWN,t,116,2026-07-12,10:00:00,174,0,49,0,0.2816,55.00,55.00,0.00,0.00,0.7800,0.2816,,,,,,,0.00,5.00,,,,,2026-05-28,45,174.00,32.00,0.1839,46.98,0.2700,67.55,0.3882,f,f,,f,,,2026-06-11 07:25:42.197356,
AI2902-YUL-PUJ-20260713,AI2902-YUL-PUJ,YUL,PUJ,PUJ,AI2902,OWN,t,116,2026-07-13,08:00:00,174,0,71,0,0.4080,595.00,595.00,0.00,0.00,0.7800,0.4080,,,,,,,0.00,5.00,,,,,2026-05-29,45,174.00,62.00,0.3563,78.11,0.4489,62.65,0.3601,f,f,,f,,,2026-06-11 07:25:42.197356,
AI2700-YYZ-PUJ-20260713,AI2700-YYZ-PUJ,YYZ,PUJ,PUJ,AI2700,OWN,t,116,2026-07-13,10:00:00,174,0,57,0,0.3276,55.00,55.00,0.00,0.00,0.7800,0.3276,,,,,,,0.00,5.00,,,,,2026-05-29,45,174.00,42.00,0.2414,55.31,0.3179,62.65,0.3601,f,f,,f,,,2026-06-11 07:25:42.197356,
AI2908-YUL-POP-20260714,AI2908-YUL-POP,YUL,POP,POP,AI2908,OWN,t,116,2026-07-14,09:15:00,174,0,116,0,0.6667,255.00,255.00,0.00,0.00,0.7800,0.6667,,,,,,,0.00,5.00,,,,,2026-05-30,45,174.00,89.00,0.5115,105.72,0.6076,62.65,0.3601,f,f,,f,,,2026-06-11 07:25:42.197356,
AI2506-YYZ-POP-20260714,AI2506-YYZ-POP,YYZ,POP,POP,AI2506,OWN,t,116,2026-07-14,11:30:00,90,0,76,0,0.8444,695.00,695.00,0.00,0.00,0.7800,0.8444,,,,,,,0.00,5.00,,,,,2026-05-30,45,90.00,52.00,0.5778,67.44,0.7493,62.65,0.6961,f,f,,f,,,2026-06-11 07:25:42.197356,
AI2902-YUL-PUJ-20260714,AI2902-YUL-PUJ,YUL,PUJ,PUJ,AI2902,OWN,t,116,2026-07-14,08:00:00,174,0,62,0,0.3563,595.00,595.00,0.00,0.00,0.7800,0.3563,,,,,,,0.00,5.00,,,,,2026-05-30,45,174.00,62.00,0.3563,81.99,0.4712,62.65,0.3601,f,f,,f,,,2026-06-11 07:25:42.197356,
AI2702-YYZ-PUJ-20260714,AI2702-YYZ-PUJ,YYZ,PUJ,PUJ,AI2702,OWN,t,116,2026-07-14,08:00:00,174,0,65,0,0.3736,55.00,55.00,0.00,0.00,0.7800,0.3736,,,,,,,0.00,5.00,,,,,2026-05-30,45,174.00,39.00,0.2241,54.27,0.3119,62.65,0.3601,f,f,,f,,,2026-06-11 07:25:42.197356,
AI2902-YUL-PUJ-20260715,AI2902-YUL-PUJ,YUL,PUJ,PUJ,AI2902,OWN,t,116,2026-07-15,08:00:00,174,0,75,0,0.4310,595.00,595.00,0.00,0.00,0.7800,0.4310,,,,,,,0.00,5.00,,,,,2026-05-31,45,348.00,102.00,0.2931,150.46,0.4324,125.30,0.3601,f,f,,f,,,2026-06-11 07:25:42.197356,
AI2916-YUL-PUJ-20260715,AI2916-YUL-PUJ,YUL,PUJ,PUJ,AI2916,OWN,t,116,2026-07-15,09:00:00,174,0,68,0,0.3908,595.00,595.00,0.00,0.00,0.7800,0.3908,,,,,,,0.00,5.00,,,,,2026-05-31,45,348.00,102.00,0.2931,150.46,0.4324,125.30,0.3601,f,f,,f,,,2026-06-11 07:25:42.197356,
AI2700-YYZ-PUJ-20260715,AI2700-YYZ-PUJ,YYZ,PUJ,PUJ,AI2700,OWN,t,116,2026-07-15,10:00:00,174,0,67,0,0.3851,55.00,55.00,0.00,0.00,0.7800,0.3851,,,,,,,2.00,5.00,,,,,2026-05-31,45,174.00,55.00,0.3161,77.20,0.4437,62.65,0.3601,f,f,,f,,,2026-06-11 07:25:42.197356,
AI2908-YUL-POP-20260716,AI2908-YUL-POP,YUL,POP,POP,AI2908,OWN,t,116,2026-07-16,09:00:00,174,0,98,0,0.5632,445.00,445.00,0.00,0.00,0.7800,0.5632,,,,,,,0.00,5.00,,,,,2026-05-17,60,174.00,73.00,0.4195,141.23,0.8117,52.08,0.2993,f,f,,f,,,2026-06-11 07:25:42.197356,
AI2902-YUL-PUJ-20260716,AI2902-YUL-PUJ,YUL,PUJ,PUJ,AI2902,OWN,t,116,2026-07-16,08:00:00,174,0,101,0,0.5805,595.00,595.00,0.00,0.00,0.7800,0.5805,,,,,,,0.00,5.00,,,,,2026-05-17,60,174.00,80.00,0.4598,119.65,0.6876,52.08,0.2993,f,f,,f,,,2026-06-11 07:25:42.197356,
AI2700-YYZ-PUJ-20260716,AI2700-YYZ-PUJ,YYZ,PUJ,PUJ,AI2700,OWN,t,116,2026-07-16,09:45:00,174,0,56,0,0.3218,55.00,55.00,0.00,0.00,0.7800,0.3218,,,,,,,0.00,5.00,,,,,2026-05-17,60,174.00,24.00,0.1379,60.96,0.3503,52.08,0.2993,f,f,,f,,,2026-06-11 07:25:42.197356,
AI2740-YYZ-POP-20260717,AI2740-YYZ-POP,YYZ,POP,POP,AI2740,OWN,t,116,2026-07-17,07:30:00,174,0,24,0,0.1379,55.00,55.00,0.00,0.00,0.7800,0.1379,,,,,,,0.00,5.00,,,,,2026-05-18,60,174.00,14.00,0.0805,52.14,0.2997,52.08,0.2993,f,f,,f,,,2026-06-11 07:25:42.197356,
AI2902-YUL-PUJ-20260717,AI2902-YUL-PUJ,YUL,PUJ,PUJ,AI2902,OWN,t,116,2026-07-17,08:00:00,174,0,107,0,0.6149,595.00,595.00,0.00,0.00,0.7800,0.6149,,,,,,,0.00,5.00,,,,,2026-05-18,60,174.00,67.00,0.3851,97.75,0.5618,52.08,0.2993,f,f,,f,,,2026-06-11 07:25:42.197356,
AI2700-YYZ-PUJ-20260717,AI2700-YYZ-PUJ,YYZ,PUJ,PUJ,AI2700,OWN,t,116,2026-07-17,10:00:00,174,0,19,0,0.1092,55.00,55.00,0.00,0.00,0.7800,0.1092,,,,,,,0.00,5.00,,,,,2026-05-18,60,174.00,12.00,0.0690,34.10,0.1960,52.08,0.2993,f,f,,f,,,2026-06-11 07:25:42.197356,
AI2938-YQB-PUJ-20260718,AI2938-YQB-PUJ,YQB,PUJ,PUJ,AI2938,OWN,t,116,2026-07-18,10:35:00,174,0,116,0,0.6667,625.00,625.00,0.00,0.00,0.7800,0.6667,,,,,,,0.00,5.00,,,,,2026-05-19,60,174.00,108.00,0.6207,131.15,0.7537,52.08,0.2993,f,f,,f,,,2026-06-11 07:25:42.197356,
AI2902-YUL-PUJ-20260718,AI2902-YUL-PUJ,YUL,PUJ,PUJ,AI2902,OWN,t,116,2026-07-18,09:30:00,174,0,106,0,0.6092,595.00,595.00,0.00,0.00,0.7800,0.6092,,,,,,,1.00,5.00,,,,,2026-05-19,60,174.00,73.00,0.4195,118.59,0.6816,52.08,0.2993,f,f,,f,,,2026-06-11 07:25:42.197356,
AI2704-YYZ-PUJ-20260718,AI2704-YYZ-PUJ,YYZ,PUJ,PUJ,AI2704,OWN,t,116,2026-07-18,14:50:00,174,0,5,0,0.0287,45.00,45.00,0.00,0.00,0.7800,0.0287,,,,,,,0.00,5.00,,,,,2026-05-19,60,348.00,22.00,0.0632,53.99,0.1551,104.16,0.2993,f,f,,f,,,2026-06-11 07:25:42.197356,
AI2728-YYZ-PUJ-20260718,AI2728-YYZ-PUJ,YYZ,PUJ,PUJ,AI2728,OWN,t,116,2026-07-18,14:00:00,174,0,19,0,0.1092,55.00,55.00,0.00,0.00,0.7800,0.1092,,,,,,,0.00,5.00,,,,,2026-05-19,60,348.00,22.00,0.0632,53.99,0.1551,104.16,0.2993,f,f,,f,,,2026-06-11 07:25:42.197356,
AI2902-YUL-PUJ-20260719,AI2902-YUL-PUJ,YUL,PUJ,PUJ,AI2902,OWN,t,117,2026-07-19,08:00:00,174,0,108,0,0.6207,595.00,595.00,0.00,0.00,0.7800,0.6207,,,,,,,0.00,5.00,,,,,2026-05-20,60,174.00,71.00,0.4080,127.96,0.7354,52.08,0.2993,f,f,,f,,,2026-06-11 07:25:42.197356,
AI2700-YYZ-PUJ-20260719,AI2700-YYZ-PUJ,YYZ,PUJ,PUJ,AI2700,OWN,t,117,2026-07-19,10:00:00,174,0,31,0,0.1782,115.00,115.00,0.00,0.00,0.7800,0.1782,,,,,,,0.00,5.00,,,,,2026-05-20,60,174.00,20.00,0.1149,44.83,0.2576,52.08,0.2993,f,f,,f,,,2026-06-11 07:25:42.197356,
AI2902-YUL-PUJ-20260720,AI2902-YUL-PUJ,YUL,PUJ,PUJ,AI2902,OWN,t,117,2026-07-20,08:00:00,174,0,105,0,0.6034,595.00,595.00,0.00,0.00,0.7800,0.6034,,,,,,,2.00,5.00,,,,,2026-05-21,60,174.00,99.00,0.5690,132.02,0.7587,50.39,0.2896,f,f,,f,,,2026-06-11 07:25:42.197356,
AI2700-YYZ-PUJ-20260720,AI2700-YYZ-PUJ,YYZ,PUJ,PUJ,AI2700,OWN,t,117,2026-07-20,10:00:00,174,0,37,0,0.2126,115.00,115.00,0.00,0.00,0.7800,0.2126,,,,,,,0.00,5.00,,,,,2026-05-21,60,174.00,25.00,0.1437,51.72,0.2972,50.39,0.2896,f,f,,f,,,2026-06-11 07:25:42.197356,
AI2908-YUL-POP-20260721,AI2908-YUL-POP,YUL,POP,POP,AI2908,OWN,t,117,2026-07-21,09:15:00,174,0,92,0,0.5287,505.00,505.00,0.00,0.00,0.7800,0.5287,,,,,,,0.00,5.00,,,,,2026-05-22,60,174.00,68.00,0.3908,107.83,0.6197,50.39,0.2896,f,f,,f,,,2026-06-11 07:25:42.197356,
AI2506-YYZ-POP-20260721,AI2506-YYZ-POP,YYZ,POP,POP,AI2506,OWN,t,117,2026-07-21,11:30:00,90,0,51,0,0.5667,695.00,695.00,0.00,0.00,0.7800,0.5667,,,,,,,0.00,5.00,,,,,2026-05-22,60,90.00,26.00,0.2889,45.58,0.5064,50.39,0.5599,f,f,,f,,,2026-06-11 07:25:42.197356,
AI2902-YUL-PUJ-20260721,AI2902-YUL-PUJ,YUL,PUJ,PUJ,AI2902,OWN,t,117,2026-07-21,08:00:00,174,0,103,0,0.5920,595.00,595.00,0.00,0.00,0.7800,0.5920,,,,,,,0.00,5.00,,,,,2026-05-22,60,174.00,51.00,0.2931,75.06,0.4314,50.39,0.2896,f,f,,f,,,2026-06-11 07:25:42.197356,
AI2702-YYZ-PUJ-20260721,AI2702-YYZ-PUJ,YYZ,PUJ,PUJ,AI2702,OWN,t,117,2026-07-21,08:00:00,174,0,33,0,0.1897,75.00,75.00,0.00,0.00,0.7800,0.1897,,,,,,,0.00,5.00,,,,,2026-05-22,60,174.00,8.00,0.0460,67.25,0.3865,50.39,0.2896,f,f,,f,,,2026-06-11 07:25:42.197356,
AI2902-YUL-PUJ-20260722,AI2902-YUL-PUJ,YUL,PUJ,PUJ,AI2902,OWN,t,117,2026-07-22,08:00:00,174,0,98,0,0.5632,595.00,595.00,0.00,0.00,0.7800,0.5632,,,,,,,0.00,5.00,,,,,2026-05-23,60,348.00,112.00,0.3218,205.30,0.5899,100.78,0.2896,f,f,,f,,,2026-06-11 07:25:42.197356,
AI2916-YUL-PUJ-20260722,AI2916-YUL-PUJ,YUL,PUJ,PUJ,AI2916,OWN,t,117,2026-07-22,09:00:00,174,0,78,0,0.4483,595.00,595.00,0.00,0.00,0.7800,0.4483,,,,,,,0.00,5.00,,,,,2026-05-23,60,348.00,112.00,0.3218,205.30,0.5899,100.78,0.2896,f,f,,f,,,2026-06-11 07:25:42.197356,
AI2700-YYZ-PUJ-20260722,AI2700-YYZ-PUJ,YYZ,PUJ,PUJ,AI2700,OWN,t,117,2026-07-22,10:00:00,174,0,22,0,0.1264,55.00,55.00,0.00,0.00,0.7800,0.1264,,,,,,,0.00,5.00,,,,,2026-05-23,60,174.00,9.00,0.0517,33.59,0.1930,50.39,0.2896,f,f,,f,,,2026-06-11 07:25:42.197356,
AI2908-YUL-POP-20260723,AI2908-YUL-POP,YUL,POP,POP,AI2908,OWN,t,117,2026-07-23,09:00:00,174,0,75,0,0.4310,395.00,395.00,0.00,0.00,0.7800,0.4310,,,,,,,0.00,5.00,,,,,2026-05-24,60,174.00,65.00,0.3736,106.03,0.6094,50.39,0.2896,f,f,,f,,,2026-06-11 07:25:42.197356,
AI2902-YUL-PUJ-20260723,AI2902-YUL-PUJ,YUL,PUJ,PUJ,AI2902,OWN,t,117,2026-07-23,08:00:00,174,0,88,0,0.5057,595.00,595.00,0.00,0.00,0.7800,0.5057,,,,,,,0.00,5.00,,,,,2026-05-24,60,174.00,73.00,0.4195,110.49,0.6350,50.39,0.2896,f,f,,f,,,2026-06-11 07:25:42.197356,
AI2700-YYZ-PUJ-20260723,AI2700-YYZ-PUJ,YYZ,PUJ,PUJ,AI2700,OWN,t,117,2026-07-23,09:45:00,174,0,35,0,0.2011,105.00,105.00,0.00,0.00,0.7800,0.2011,,,,,,,0.00,5.00,,,,,2026-05-24,60,174.00,17.00,0.0977,58.92,0.3386,50.39,0.2896,f,f,,f,,,2026-06-11 07:25:42.197356,
AI2740-YYZ-POP-20260724,AI2740-YYZ-POP,YYZ,POP,POP,AI2740,OWN,t,117,2026-07-24,07:30:00,174,0,31,0,0.1782,85.00,85.00,0.00,0.00,0.7800,0.1782,,,,,,,0.00,5.00,,,,,2026-05-25,60,174.00,29.00,0.1667,70.26,0.4038,50.39,0.2896,f,f,,f,,,2026-06-11 07:25:42.197356,
AI2902-YUL-PUJ-20260724,AI2902-YUL-PUJ,YUL,PUJ,PUJ,AI2902,OWN,t,117,2026-07-24,08:00:00,174,0,74,0,0.4253,595.00,595.00,0.00,0.00,0.7800,0.4253,,,,,,,0.00,5.00,,,,,2026-05-25,60,174.00,52.00,0.2989,90.90,0.5224,50.39,0.2896,f,f,,f,,,2026-06-11 07:25:42.197356,
AI2700-YYZ-PUJ-20260724,AI2700-YYZ-PUJ,YYZ,PUJ,PUJ,AI2700,OWN,t,117,2026-07-24,10:00:00,174,0,34,0,0.1954,75.00,75.00,0.00,0.00,0.7800,0.1954,,,,,,,0.00,5.00,,,,,2026-05-25,60,174.00,25.00,0.1437,54.17,0.3113,50.39,0.2896,f,f,,f,,,2026-06-11 07:25:42.197356,
AI2938-YQB-PUJ-20260725,AI2938-YQB-PUJ,YQB,PUJ,PUJ,AI2938,OWN,t,117,2026-07-25,10:35:00,174,0,83,0,0.4770,365.00,365.00,0.00,0.00,0.7800,0.4770,,,,,,,3.00,5.00,,,,,2026-05-26,60,174.00,76.00,0.4368,115.58,0.6643,50.39,0.2896,f,f,,f,,,2026-06-11 07:25:42.197356,
AI2902-YUL-PUJ-20260725,AI2902-YUL-PUJ,YUL,PUJ,PUJ,AI2902,OWN,t,117,2026-07-25,09:30:00,174,0,88,0,0.5057,595.00,595.00,0.00,0.00,0.7800,0.5057,,,,,,,0.00,5.00,,,,,2026-05-26,60,174.00,64.00,0.3678,108.16,0.6216,50.39,0.2896,f,f,,f,,,2026-06-11 07:25:42.197356,
AI2704-YYZ-PUJ-20260725,AI2704-YYZ-PUJ,YYZ,PUJ,PUJ,AI2704,OWN,t,117,2026-07-25,14:50:00,174,0,10,0,0.0575,55.00,55.00,0.00,0.00,0.7800,0.0575,,,,,,,0.00,5.00,,,,,2026-05-26,60,348.00,26.00,0.0747,82.32,0.2366,100.78,0.2896,f,f,,f,,,2026-06-11 07:25:42.197356,
AI2728-YYZ-PUJ-20260725,AI2728-YYZ-PUJ,YYZ,PUJ,PUJ,AI2728,OWN,t,117,2026-07-25,14:00:00,174,0,19,0,0.1092,65.00,65.00,0.00,0.00,0.7800,0.1092,,,,,,,0.00,5.00,,,,,2026-05-26,60,348.00,26.00,0.0747,82.32,0.2366,100.78,0.2896,f,f,,f,,,2026-06-11 07:25:42.197356,
AI2902-YUL-PUJ-20260726,AI2902-YUL-PUJ,YUL,PUJ,PUJ,AI2902,OWN,t,118,2026-07-26,08:00:00,174,0,83,0,0.4770,595.00,595.00,0.00,0.00,0.7800,0.4770,,,,,,,2.00,5.00,,,,,2026-05-27,60,174.00,43.00,0.2471,66.52,0.3823,50.39,0.2896,f,f,,f,,,2026-06-11 07:25:42.197356,
AI2700-YYZ-PUJ-20260726,AI2700-YYZ-PUJ,YYZ,PUJ,PUJ,AI2700,OWN,t,118,2026-07-26,10:00:00,174,0,35,0,0.2011,95.00,95.00,0.00,0.00,0.7800,0.2011,,,,,,,5.00,5.00,,,,,2026-05-27,60,174.00,28.00,0.1609,51.75,0.2974,50.39,0.2896,f,f,,f,,,2026-06-11 07:25:42.197356,
AI2902-YUL-PUJ-20260727,AI2902-YUL-PUJ,YUL,PUJ,PUJ,AI2902,OWN,t,118,2026-07-27,08:00:00,174,0,70,0,0.4023,595.00,595.00,0.00,0.00,0.7800,0.4023,,,,,,,0.00,5.00,,,,,2026-05-28,60,174.00,67.00,0.3851,114.73,0.6594,50.42,0.2898,f,f,,f,,,2026-06-11 07:25:42.197356,
AI2700-YYZ-PUJ-20260727,AI2700-YYZ-PUJ,YYZ,PUJ,PUJ,AI2700,OWN,t,118,2026-07-27,10:00:00,174,0,42,0,0.2414,95.00,95.00,0.00,0.00,0.7800,0.2414,,,,,,,0.00,5.00,,,,,2026-05-28,60,174.00,36.00,0.2069,80.06,0.4601,50.42,0.2898,f,f,,f,,,2026-06-11 07:25:42.197356,
AI2908-YUL-POP-20260728,AI2908-YUL-POP,YUL,POP,POP,AI2908,OWN,t,118,2026-07-28,09:15:00,174,0,86,0,0.4943,395.00,395.00,0.00,0.00,0.7800,0.4943,,,,,,,0.00,5.00,,,,,2026-05-29,60,174.00,72.00,0.4138,128.25,0.7371,50.42,0.2898,f,f,,f,,,2026-06-11 07:25:42.197356,
AI2506-YYZ-POP-20260728,AI2506-YYZ-POP,YYZ,POP,POP,AI2506,OWN,t,118,2026-07-28,11:30:00,90,0,28,0,0.3111,195.00,195.00,0.00,0.00,0.7800,0.3111,,,,,,,0.00,5.00,,,,,2026-05-29,60,90.00,23.00,0.2556,67.87,0.7541,50.42,0.5602,f,f,,f,,,2026-06-11 07:25:42.197356,
AI2902-YUL-PUJ-20260728,AI2902-YUL-PUJ,YUL,PUJ,PUJ,AI2902,OWN,t,118,2026-07-28,08:00:00,174,0,90,0,0.5172,595.00,595.00,0.00,0.00,0.7800,0.5172,,,,,,,0.00,5.00,,,,,2026-05-29,60,174.00,63.00,0.3621,106.99,0.6149,50.42,0.2898,f,f,,f,,,2026-06-11 07:25:42.197356,
AI2702-YYZ-PUJ-20260728,AI2702-YYZ-PUJ,YYZ,PUJ,PUJ,AI2702,OWN,t,118,2026-07-28,08:00:00,174,0,37,0,0.2126,55.00,55.00,0.00,0.00,0.7800,0.2126,,,,,,,0.00,5.00,,,,,2026-05-29,60,174.00,25.00,0.1437,70.00,0.4023,50.42,0.2898,f,f,,f,,,2026-06-11 07:25:42.197356,
AI2902-YUL-PUJ-20260729,AI2902-YUL-PUJ,YUL,PUJ,PUJ,AI2902,OWN,t,118,2026-07-29,08:00:00,174,0,59,0,0.3391,595.00,595.00,0.00,0.00,0.7800,0.3391,,,,,,,0.00,5.00,,,,,2026-05-30,60,348.00,84.00,0.2414,185.21,0.5322,100.84,0.2898,f,f,,f,,,2026-06-11 07:25:42.197356,
AI2916-YUL-PUJ-20260729,AI2916-YUL-PUJ,YUL,PUJ,PUJ,AI2916,OWN,t,118,2026-07-29,09:00:00,174,0,47,0,0.2701,595.00,595.00,0.00,0.00,0.7800,0.2701,,,,,,,0.00,5.00,,,,,2026-05-30,60,348.00,84.00,0.2414,185.21,0.5322,100.84,0.2898,f,f,,f,,,2026-06-11 07:25:42.197356,
AI2700-YYZ-PUJ-20260729,AI2700-YYZ-PUJ,YYZ,PUJ,PUJ,AI2700,OWN,t,118,2026-07-29,10:00:00,174,0,26,0,0.1494,65.00,65.00,0.00,0.00,0.7800,0.1494,,,,,,,0.00,5.00,,,,,2026-05-30,60,174.00,14.00,0.0805,53.99,0.3103,50.42,0.2898,f,f,,f,,,2026-06-11 07:25:42.197356,
AI2908-YUL-POP-20260730,AI2908-YUL-POP,YUL,POP,POP,AI2908,OWN,t,118,2026-07-30,09:00:00,174,0,78,0,0.4483,275.00,275.00,0.00,0.00,0.7800,0.4483,,,,,,,0.00,5.00,,,,,2026-05-31,60,174.00,61.00,0.3506,120.32,0.6915,50.42,0.2898,f,f,,f,,,2026-06-11 07:25:42.197356,
AI2902-YUL-PUJ-20260730,AI2902-YUL-PUJ,YUL,PUJ,PUJ,AI2902,OWN,t,118,2026-07-30,08:00:00,174,0,87,0,0.5000,595.00,595.00,0.00,0.00,0.7800,0.5000,,,,,,,0.00,5.00,,,,,2026-05-31,60,174.00,63.00,0.3621,120.41,0.6920,50.42,0.2898,f,f,,f,,,2026-06-11 07:25:42.197356,
AI2700-YYZ-PUJ-20260730,AI2700-YYZ-PUJ,YYZ,PUJ,PUJ,AI2700,OWN,t,118,2026-07-30,09:45:00,174,0,30,0,0.1724,115.00,115.00,0.00,0.00,0.7800,0.1724,,,,,,,0.00,5.00,,,,,2026-05-31,60,174.00,15.00,0.0862,62.20,0.3575,50.42,0.2898,f,f,,f,,,2026-06-11 07:25:42.197356,
AI2740-YYZ-POP-20260731,AI2740-YYZ-POP,YYZ,POP,POP,AI2740,OWN,t,118,2026-07-31,07:30:00,174,0,23,0,0.1322,85.00,85.00,0.00,0.00,0.7800,0.1322,,,,,,,0.00,5.00,,,,,2026-05-17,75,174.00,9.00,0.0517,69.07,0.3970,40.39,0.2321,f,f,,f,,,2026-06-11 07:25:42.197356,
AI2902-YUL-PUJ-20260731,AI2902-YUL-PUJ,YUL,PUJ,PUJ,AI2902,OWN,t,118,2026-07-31,08:00:00,174,0,75,0,0.4310,595.00,595.00,0.00,0.00,0.7800,0.4310,,,,,,,0.00,5.00,,,,,2026-05-17,75,174.00,57.00,0.3276,129.16,0.7423,40.39,0.2321,f,f,,f,,,2026-06-11 07:25:42.197356,
AI2700-YYZ-PUJ-20260731,AI2700-YYZ-PUJ,YYZ,PUJ,PUJ,AI2700,OWN,t,118,2026-07-31,10:00:00,174,0,48,0,0.2759,155.00,155.00,0.00,0.00,0.7800,0.2759,,,,,,,0.00,5.00,,,,,2026-05-17,75,174.00,13.00,0.0747,73.70,0.4236,40.39,0.2321,f,f,,f,,,2026-06-11 07:25:42.197356,
AI2938-YQB-PUJ-20260801,AI2938-YQB-PUJ,YQB,PUJ,PUJ,AI2938,OWN,t,118,2026-08-01,10:35:00,174,0,63,0,0.3621,305.00,305.00,0.00,0.00,0.7800,0.3621,,,,,,,3.00,5.00,,,,,2026-05-18,75,174.00,53.00,0.3046,109.96,0.6320,48.39,0.2781,f,f,,f,,,2026-06-11 07:25:42.197356,
AI2902-YUL-PUJ-20260801,AI2902-YUL-PUJ,YUL,PUJ,PUJ,AI2902,OWN,t,118,2026-08-01,09:30:00,174,0,58,0,0.3333,595.00,595.00,0.00,0.00,0.7800,0.3333,,,,,,,0.00,5.00,,,,,2026-05-18,75,174.00,42.00,0.2414,97.74,0.5617,48.39,0.2781,f,f,,f,,,2026-06-11 07:25:42.197356,
AI2704-YYZ-PUJ-20260801,AI2704-YYZ-PUJ,YYZ,PUJ,PUJ,AI2704,OWN,t,118,2026-08-01,14:50:00,174,0,30,0,0.1724,165.00,165.00,0.00,0.00,0.7800,0.1724,,,,,,,0.00,5.00,,,,,2026-05-18,75,348.00,51.00,0.1466,126.00,0.3621,96.78,0.2781,f,f,,f,,,2026-06-11 07:25:42.197356,
AI2728-YYZ-PUJ-20260801,AI2728-YYZ-PUJ,YYZ,PUJ,PUJ,AI2728,OWN,t,118,2026-08-01,14:00:00,174,0,34,0,0.1954,195.00,195.00,0.00,0.00,0.7800,0.1954,,,,,,,0.00,5.00,,,,,2026-05-18,75,348.00,51.00,0.1466,126.00,0.3621,96.78,0.2781,f,f,,f,,,2026-06-11 07:25:42.197356,
AI2902-YUL-PUJ-20260802,AI2902-YUL-PUJ,YUL,PUJ,PUJ,AI2902,OWN,t,119,2026-08-02,08:00:00,174,0,59,0,0.3391,595.00,595.00,0.00,0.00,0.7800,0.3391,,,,,,,0.00,5.00,,,,,2026-05-19,75,174.00,42.00,0.2414,99.27,0.5705,48.39,0.2781,f,f,,f,,,2026-06-11 07:25:42.197356,
AI2700-YYZ-PUJ-20260802,AI2700-YYZ-PUJ,YYZ,PUJ,PUJ,AI2700,OWN,t,119,2026-08-02,10:00:00,174,0,38,0,0.2184,175.00,175.00,0.00,0.00,0.7800,0.2184,,,,,,,0.00,5.00,,,,,2026-05-19,75,174.00,7.00,0.0402,43.54,0.2502,48.39,0.2781,f,f,,f,,,2026-06-11 07:25:42.197356,
AI2902-YUL-PUJ-20260803,AI2902-YUL-PUJ,YUL,PUJ,PUJ,AI2902,OWN,t,119,2026-08-03,08:00:00,174,0,78,0,0.4483,595.00,595.00,0.00,0.00,0.7800,0.4483,,,,,,,0.00,5.00,,,,,2026-05-20,75,174.00,53.00,0.3046,123.38,0.7091,50.22,0.2886,f,f,,f,,,2026-06-11 07:25:42.197356,
AI2700-YYZ-PUJ-20260803,AI2700-YYZ-PUJ,YYZ,PUJ,PUJ,AI2700,OWN,t,119,2026-08-03,10:00:00,174,0,26,0,0.1494,135.00,135.00,0.00,0.00,0.7800,0.1494,,,,,,,0.00,5.00,,,,,2026-05-20,75,174.00,16.00,0.0920,46.09,0.2649,50.22,0.2886,f,f,,f,,,2026-06-11 07:25:42.197356,
AI2908-YUL-POP-20260804,AI2908-YUL-POP,YUL,POP,POP,AI2908,OWN,t,119,2026-08-04,09:15:00,174,0,56,0,0.3218,225.00,225.00,0.00,0.00,0.7800,0.3218,,,,,,,0.00,5.00,,,,,2026-05-21,75,174.00,40.00,0.2299,98.76,0.5676,50.22,0.2886,f,f,,f,,,2026-06-11 07:25:42.197356,
AI2506-YYZ-POP-20260804,AI2506-YYZ-POP,YYZ,POP,POP,AI2506,OWN,t,119,2026-08-04,11:30:00,90,0,16,0,0.1778,115.00,115.00,0.00,0.00,0.7800,0.1778,,,,,,,0.00,5.00,,,,,2026-05-21,75,90.00,14.00,0.1556,55.67,0.6186,50.22,0.5580,f,f,,f,,,2026-06-11 07:25:42.197356,
AI2902-YUL-PUJ-20260804,AI2902-YUL-PUJ,YUL,PUJ,PUJ,AI2902,OWN,t,119,2026-08-04,08:00:00,174,0,51,0,0.2931,595.00,595.00,0.00,0.00,0.7800,0.2931,,,,,,,0.00,5.00,,,,,2026-05-21,75,174.00,19.00,0.1092,54.83,0.3151,50.22,0.2886,f,f,,f,,,2026-06-11 07:25:42.197356,
AI2702-YYZ-PUJ-20260804,AI2702-YYZ-PUJ,YYZ,PUJ,PUJ,AI2702,OWN,t,119,2026-08-04,08:00:00,174,0,26,0,0.1494,105.00,105.00,0.00,0.00,0.7800,0.1494,,,,,,,0.00,5.00,,,,,2026-05-21,75,174.00,16.00,0.0920,46.78,0.2689,50.22,0.2886,f,f,,f,,,2026-06-11 07:25:42.197356,
AI2902-YUL-PUJ-20260805,AI2902-YUL-PUJ,YUL,PUJ,PUJ,AI2902,OWN,t,119,2026-08-05,08:00:00,174,0,68,0,0.3908,595.00,595.00,0.00,0.00,0.7800,0.3908,,,,,,,0.00,5.00,,,,,2026-05-22,75,348.00,93.00,0.2672,196.13,0.5636,100.44,0.2886,f,f,,f,,,2026-06-11 07:25:42.197356,
AI2916-YUL-PUJ-20260805,AI2916-YUL-PUJ,YUL,PUJ,PUJ,AI2916,OWN,t,119,2026-08-05,09:00:00,174,0,54,0,0.3103,595.00,595.00,0.00,0.00,0.7800,0.3103,,,,,,,0.00,5.00,,,,,2026-05-22,75,348.00,93.00,0.2672,196.13,0.5636,100.44,0.2886,f,f,,f,,,2026-06-11 07:25:42.197356,
AI2700-YYZ-PUJ-20260805,AI2700-YYZ-PUJ,YYZ,PUJ,PUJ,AI2700,OWN,t,119,2026-08-05,10:00:00,174,0,21,0,0.1207,105.00,105.00,0.00,0.00,0.7800,0.1207,,,,,,,0.00,5.00,,,,,2026-05-22,75,174.00,19.00,0.1092,53.03,0.3048,50.22,0.2886,f,f,,f,,,2026-06-11 07:25:42.197356,
AI2908-YUL-POP-20260806,AI2908-YUL-POP,YUL,POP,POP,AI2908,OWN,t,119,2026-08-06,09:00:00,174,0,73,0,0.4195,305.00,305.00,0.00,0.00,0.7800,0.4195,,,,,,,0.00,5.00,,,,,2026-05-23,75,174.00,70.00,0.4023,130.08,0.7476,50.22,0.2886,f,f,,f,,,2026-06-11 07:25:42.197356,
AI2902-YUL-PUJ-20260806,AI2902-YUL-PUJ,YUL,PUJ,PUJ,AI2902,OWN,t,119,2026-08-06,08:00:00,174,0,65,0,0.3736,595.00,595.00,0.00,0.00,0.7800,0.3736,,,,,,,0.00,5.00,,,,,2026-05-23,75,174.00,60.00,0.3448,101.09,0.5810,50.22,0.2886,f,f,,f,,,2026-06-11 07:25:42.197356,
AI2700-YYZ-PUJ-20260806,AI2700-YYZ-PUJ,YYZ,PUJ,PUJ,AI2700,OWN,t,119,2026-08-06,09:45:00,174,0,11,0,0.0632,105.00,105.00,0.00,0.00,0.7800,0.0632,,,,,,,0.00,5.00,,,,,2026-05-23,75,174.00,7.00,0.0402,38.69,0.2224,50.22,0.2886,f,f,,f,,,2026-06-11 07:25:42.197356,
AI2740-YYZ-POP-20260807,AI2740-YYZ-POP,YYZ,POP,POP,AI2740,OWN,t,119,2026-08-07,07:30:00,174,0,25,0,0.1437,115.00,115.00,0.00,0.00,0.7800,0.1437,,,,,,,0.00,5.00,,,,,2026-05-24,75,174.00,13.00,0.0747,53.03,0.3048,50.22,0.2886,f,f,,f,,,2026-06-11 07:25:42.197356,
AI2902-YUL-PUJ-20260807,AI2902-YUL-PUJ,YUL,PUJ,PUJ,AI2902,OWN,t,119,2026-08-07,08:00:00,174,0,69,0,0.3966,595.00,595.00,0.00,0.00,0.7800,0.3966,,,,,,,2.00,5.00,,,,,2026-05-24,75,174.00,38.00,0.2184,85.44,0.4910,50.22,0.2886,f,f,,f,,,2026-06-11 07:25:42.197356,
AI2700-YYZ-PUJ-20260807,AI2700-YYZ-PUJ,YYZ,PUJ,PUJ,AI2700,OWN,t,119,2026-08-07,10:00:00,174,0,23,0,0.1322,125.00,125.00,0.00,0.00,0.7800,0.1322,,,,,,,0.00,5.00,,,,,2026-05-24,75,174.00,14.00,0.0805,71.77,0.4125,50.22,0.2886,f,f,,f,,,2026-06-11 07:25:42.197356,
AI2938-YQB-PUJ-20260808,AI2938-YQB-PUJ,YQB,PUJ,PUJ,AI2938,OWN,t,119,2026-08-08,10:35:00,174,0,67,0,0.3851,285.00,285.00,0.00,0.00,0.7800,0.3851,,,,,,,0.00,5.00,,,,,2026-05-25,75,174.00,58.00,0.3333,101.52,0.5834,50.22,0.2886,f,f,,f,,,2026-06-11 07:25:42.197356,
AI2902-YUL-PUJ-20260808,AI2902-YUL-PUJ,YUL,PUJ,PUJ,AI2902,OWN,t,119,2026-08-08,09:30:00,174,0,47,0,0.2701,595.00,595.00,0.00,0.00,0.7800,0.2701,,,,,,,0.00,5.00,,,,,2026-05-25,75,174.00,39.00,0.2241,95.17,0.5470,50.22,0.2886,f,f,,f,,,2026-06-11 07:25:42.197356,
AI2704-YYZ-PUJ-20260808,AI2704-YYZ-PUJ,YYZ,PUJ,PUJ,AI2704,OWN,t,119,2026-08-08,14:50:00,174,0,10,0,0.0575,105.00,105.00,0.00,0.00,0.7800,0.0575,,,,,,,0.00,5.00,,,,,2026-05-25,75,348.00,12.00,0.0345,94.10,0.2704,100.44,0.2886,f,f,,f,,,2026-06-11 07:25:42.197356,
AI2728-YYZ-PUJ-20260808,AI2728-YYZ-PUJ,YYZ,PUJ,PUJ,AI2728,OWN,t,119,2026-08-08,14:00:00,174,0,6,0,0.0345,105.00,105.00,0.00,0.00,0.7800,0.0345,,,,,,,0.00,5.00,,,,,2026-05-25,75,348.00,12.00,0.0345,94.10,0.2704,100.44,0.2886,f,f,,f,,,2026-06-11 07:25:42.197356,
AI2902-YUL-PUJ-20260809,AI2902-YUL-PUJ,YUL,PUJ,PUJ,AI2902,OWN,t,120,2026-08-09,08:00:00,174,0,42,0,0.2414,595.00,595.00,0.00,0.00,0.7800,0.2414,,,,,,,0.00,5.00,,,,,2026-05-26,75,174.00,25.00,0.1437,72.07,0.4142,50.22,0.2886,f,f,,f,,,2026-06-11 07:25:42.197356,
AI2700-YYZ-PUJ-20260809,AI2700-YYZ-PUJ,YYZ,PUJ,PUJ,AI2700,OWN,t,120,2026-08-09,10:00:00,174,0,18,0,0.1034,135.00,135.00,0.00,0.00,0.7800,0.1034,,,,,,,0.00,5.00,,,,,2026-05-26,75,174.00,18.00,0.1034,67.48,0.3878,50.22,0.2886,f,f,,f,,,2026-06-11 07:25:42.197356,
AI2902-YUL-PUJ-20260810,AI2902-YUL-PUJ,YUL,PUJ,PUJ,AI2902,OWN,t,120,2026-08-10,08:00:00,174,0,85,0,0.4885,595.00,595.00,0.00,0.00,0.7800,0.4885,,,,,,,0.00,5.00,,,,,2026-05-27,75,174.00,79.00,0.4540,140.85,0.8095,46.89,0.2695,f,f,,f,,,2026-06-11 07:25:42.197356,
AI2700-YYZ-PUJ-20260810,AI2700-YYZ-PUJ,YYZ,PUJ,PUJ,AI2700,OWN,t,120,2026-08-10,10:00:00,174,0,12,0,0.0690,115.00,115.00,0.00,0.00,0.7800,0.0690,,,,,,,2.00,5.00,,,,,2026-05-27,75,174.00,10.00,0.0575,51.21,0.2943,46.89,0.2695,f,f,,f,,,2026-06-11 07:25:42.197356,
AI2908-YUL-POP-20260811,AI2908-YUL-POP,YUL,POP,POP,AI2908,OWN,t,120,2026-08-11,09:15:00,174,0,63,0,0.3621,255.00,255.00,0.00,0.00,0.7800,0.3621,,,,,,,0.00,5.00,,,,,2026-05-28,75,174.00,63.00,0.3621,122.82,0.7059,46.89,0.2695,f,f,,f,,,2026-06-11 07:25:42.197356,
AI2506-YYZ-POP-20260811,AI2506-YYZ-POP,YYZ,POP,POP,AI2506,OWN,t,120,2026-08-11,11:30:00,90,0,17,0,0.1889,165.00,165.00,0.00,0.00,0.7800,0.1889,,,,,,,0.00,5.00,,,,,2026-05-28,75,90.00,17.00,0.1889,61.57,0.6841,46.89,0.5210,f,f,,f,,,2026-06-11 07:25:42.197356,
AI2902-YUL-PUJ-20260811,AI2902-YUL-PUJ,YUL,PUJ,PUJ,AI2902,OWN,t,120,2026-08-11,08:00:00,174,0,74,0,0.4253,595.00,595.00,0.00,0.00,0.7800,0.4253,,,,,,,0.00,5.00,,,,,2026-05-28,75,174.00,44.00,0.2529,92.66,0.5325,46.89,0.2695,f,f,,f,,,2026-06-11 07:25:42.197356,
AI2700-YYZ-PUJ-20260811,AI2700-YYZ-PUJ,YYZ,PUJ,PUJ,AI2700,OWN,t,120,2026-08-11,10:00:00,174,0,18,0,0.1034,135.00,135.00,0.00,0.00,0.7800,0.1034,,,,,,,0.00,5.00,,,,,2026-05-28,75,174.00,18.00,0.1034,63.48,0.3648,46.89,0.2695,f,f,,f,,,2026-06-11 07:25:42.197356,
AI2902-YUL-PUJ-20260812,AI2902-YUL-PUJ,YUL,PUJ,PUJ,AI2902,OWN,t,120,2026-08-12,08:00:00,174,0,83,0,0.4770,595.00,595.00,0.00,0.00,0.7800,0.4770,,,,,,,0.00,5.00,,,,,2026-05-29,75,348.00,118.00,0.3391,222.51,0.6394,93.78,0.2695,f,f,,f,,,2026-06-11 07:25:42.197356,
AI2916-YUL-PUJ-20260812,AI2916-YUL-PUJ,YUL,PUJ,PUJ,AI2916,OWN,t,120,2026-08-12,09:00:00,174,0,51,0,0.2931,595.00,595.00,0.00,0.00,0.7800,0.2931,,,,,,,0.00,5.00,,,,,2026-05-29,75,348.00,118.00,0.3391,222.51,0.6394,93.78,0.2695,f,f,,f,,,2026-06-11 07:25:42.197356,
AI2700-YYZ-PUJ-20260812,AI2700-YYZ-PUJ,YYZ,PUJ,PUJ,AI2700,OWN,t,120,2026-08-12,10:00:00,174,0,28,0,0.1609,165.00,165.00,0.00,0.00,0.7800,0.1609,,,,,,,0.00,5.00,,,,,2026-05-29,75,174.00,22.00,0.1264,67.09,0.3856,46.89,0.2695,f,f,,f,,,2026-06-11 07:25:42.197356,
AI2908-YUL-POP-20260813,AI2908-YUL-POP,YUL,POP,POP,AI2908,OWN,t,120,2026-08-13,09:00:00,174,0,56,0,0.3218,145.00,145.00,0.00,0.00,0.7800,0.3218,,,,,,,0.00,5.00,,,,,2026-05-30,75,174.00,48.00,0.2759,111.92,0.6432,46.89,0.2695,f,f,,f,,,2026-06-11 07:25:42.197356,
AI2902-YUL-PUJ-20260813,AI2902-YUL-PUJ,YUL,PUJ,PUJ,AI2902,OWN,t,120,2026-08-13,08:00:00,174,0,51,0,0.2931,595.00,595.00,0.00,0.00,0.7800,0.2931,,,,,,,0.00,5.00,,,,,2026-05-30,75,174.00,43.00,0.2471,86.43,0.4967,46.89,0.2695,f,f,,f,,,2026-06-11 07:25:42.197356,
AI2700-YYZ-PUJ-20260813,AI2700-YYZ-PUJ,YYZ,PUJ,PUJ,AI2700,OWN,t,120,2026-08-13,09:45:00,174,0,74,0,0.4253,245.00,245.00,0.00,0.00,0.7800,0.4253,,,,,,,0.00,5.00,,,,,2026-05-30,75,174.00,69.00,0.3966,145.84,0.8382,46.89,0.2695,f,f,,f,,,2026-06-11 07:25:42.197356,
AI2740-YYZ-POP-20260814,AI2740-YYZ-POP,YYZ,POP,POP,AI2740,OWN,t,120,2026-08-14,07:30:00,174,0,24,0,0.1379,115.00,115.00,0.00,0.00,0.7800,0.1379,,,,,,,0.00,5.00,,,,,2026-05-31,75,174.00,22.00,0.1264,71.92,0.4133,46.89,0.2695,f,f,,f,,,2026-06-11 07:25:42.197356,
AI2902-YUL-PUJ-20260814,AI2902-YUL-PUJ,YUL,PUJ,PUJ,AI2902,OWN,t,120,2026-08-14,08:00:00,174,0,77,0,0.4425,595.00,595.00,0.00,0.00,0.7800,0.4425,,,,,,,0.00,5.00,,,,,2026-05-31,75,174.00,77.00,0.4425,136.11,0.7822,46.89,0.2695,f,f,,f,,,2026-06-11 07:25:42.197356,
AI2700-YYZ-PUJ-20260814,AI2700-YYZ-PUJ,YYZ,PUJ,PUJ,AI2700,OWN,t,120,2026-08-14,10:00:00,174,0,68,0,0.3908,205.00,205.00,0.00,0.00,0.7800,0.3908,,,,,,,0.00,5.00,,,,,2026-05-31,75,174.00,60.00,0.3448,102.43,0.5887,46.89,0.2695,f,f,,f,,,2026-06-11 07:25:42.197356,
AI2938-YQB-PUJ-20260815,AI2938-YQB-PUJ,YQB,PUJ,PUJ,AI2938,OWN,t,120,2026-08-15,10:35:00,174,0,50,0,0.2874,305.00,305.00,0.00,0.00,0.7800,0.2874,,,,,,,0.00,5.00,,,,,2026-05-17,90,174.00,44.00,0.2529,100.08,0.5752,35.14,0.2020,f,f,,f,,,2026-06-11 07:25:42.197356,
AI2902-YUL-PUJ-20260815,AI2902-YUL-PUJ,YUL,PUJ,PUJ,AI2902,OWN,t,120,2026-08-15,09:30:00,174,0,44,0,0.2529,595.00,595.00,0.00,0.00,0.7800,0.2529,,,,,,,2.00,5.00,,,,,2026-05-17,90,174.00,35.00,0.2011,90.03,0.5174,35.14,0.2020,f,f,,f,,,2026-06-11 07:25:42.197356,
AI2704-YYZ-PUJ-20260815,AI2704-YYZ-PUJ,YYZ,PUJ,PUJ,AI2704,OWN,t,120,2026-08-15,14:50:00,174,0,18,0,0.1034,115.00,115.00,0.00,0.00,0.7800,0.1034,,,,,,,2.00,5.00,,,,,2026-05-17,90,348.00,20.00,0.0575,122.16,0.3510,70.28,0.2020,f,f,,f,,,2026-06-11 07:25:42.197356,
AI2728-YYZ-PUJ-20260815,AI2728-YYZ-PUJ,YYZ,PUJ,PUJ,AI2728,OWN,t,120,2026-08-15,14:00:00,174,0,16,0,0.0920,135.00,135.00,0.00,0.00,0.7800,0.0920,,,,,,,0.00,5.00,,,,,2026-05-17,90,348.00,20.00,0.0575,122.16,0.3510,70.28,0.2020,f,f,,f,,,2026-06-11 07:25:42.197356,
AI2902-YUL-PUJ-20260816,AI2902-YUL-PUJ,YUL,PUJ,PUJ,AI2902,OWN,t,121,2026-08-16,08:00:00,174,0,34,0,0.1954,595.00,595.00,0.00,0.00,0.7800,0.1954,,,,,,,0.00,5.00,,,,,2026-05-18,90,174.00,28.00,0.1609,88.90,0.5109,35.14,0.2020,f,f,,f,,,2026-06-11 07:25:42.197356,
AI2700-YYZ-PUJ-20260816,AI2700-YYZ-PUJ,YYZ,PUJ,PUJ,AI2700,OWN,t,121,2026-08-16,10:00:00,174,0,38,0,0.2184,205.00,205.00,0.00,0.00,0.7800,0.2184,,,,,,,0.00,5.00,,,,,2026-05-18,90,174.00,18.00,0.1034,110.96,0.6377,35.14,0.2020,f,f,,f,,,2026-06-11 07:25:42.197356,
AI2902-YUL-PUJ-20260817,AI2902-YUL-PUJ,YUL,PUJ,PUJ,AI2902,OWN,t,121,2026-08-17,08:00:00,174,0,26,0,0.1494,595.00,595.00,0.00,0.00,0.7800,0.1494,,,,,,,0.00,5.00,,,,,2026-05-19,90,174.00,10.00,0.0575,72.17,0.4148,33.86,0.1946,f,f,,f,,,2026-06-11 07:25:42.197356,
AI2700-YYZ-PUJ-20260817,AI2700-YYZ-PUJ,YYZ,PUJ,PUJ,AI2700,OWN,t,121,2026-08-17,10:00:00,174,0,21,0,0.1207,135.00,135.00,0.00,0.00,0.7800,0.1207,,,,,,,0.00,5.00,,,,,2026-05-19,90,174.00,9.00,0.0517,64.03,0.3680,33.86,0.1946,f,f,,f,,,2026-06-11 07:25:42.197356,
AI2908-YUL-POP-20260818,AI2908-YUL-POP,YUL,POP,POP,AI2908,OWN,t,121,2026-08-18,09:15:00,174,0,45,0,0.2586,195.00,195.00,0.00,0.00,0.7800,0.2586,,,,,,,0.00,5.00,,,,,2026-05-20,90,174.00,45.00,0.2586,107.14,0.6157,33.86,0.1946,f,f,,f,,,2026-06-11 07:25:42.197356,
AI2506-YYZ-POP-20260818,AI2506-YYZ-POP,YYZ,POP,POP,AI2506,OWN,t,121,2026-08-18,11:30:00,90,0,20,0,0.2222,115.00,115.00,0.00,0.00,0.7800,0.2222,,,,,,,5.00,5.00,,,,,2026-05-20,90,90.00,15.00,0.1667,74.69,0.8299,33.86,0.3762,f,f,,f,,,2026-06-11 07:25:42.197356,
AI2902-YUL-PUJ-20260818,AI2902-YUL-PUJ,YUL,PUJ,PUJ,AI2902,OWN,t,121,2026-08-18,08:00:00,174,0,21,0,0.1207,595.00,595.00,0.00,0.00,0.7800,0.1207,,,,,,,0.00,5.00,,,,,2026-05-20,90,174.00,16.00,0.0920,75.10,0.4316,33.86,0.1946,f,f,,f,,,2026-06-11 07:25:42.197356,
AI2700-YYZ-PUJ-20260818,AI2700-YYZ-PUJ,YYZ,PUJ,PUJ,AI2700,OWN,t,121,2026-08-18,10:00:00,174,0,11,0,0.0632,125.00,125.00,0.00,0.00,0.7800,0.0632,,,,,,,0.00,5.00,,,,,2026-05-20,90,174.00,10.00,0.0575,55.25,0.3175,33.86,0.1946,f,f,,f,,,2026-06-11 07:25:42.197356,
AI2902-YUL-PUJ-20260819,AI2902-YUL-PUJ,YUL,PUJ,PUJ,AI2902,OWN,t,121,2026-08-19,08:00:00,174,0,20,0,0.1149,595.00,595.00,0.00,0.00,0.7800,0.1149,,,,,,,0.00,5.00,,,,,2026-05-21,90,348.00,33.00,0.0948,135.54,0.3895,67.72,0.1946,f,f,,f,,,2026-06-11 07:25:42.197356,
AI2916-YUL-PUJ-20260819,AI2916-YUL-PUJ,YUL,PUJ,PUJ,AI2916,OWN,t,121,2026-08-19,09:00:00,174,0,16,0,0.0920,595.00,595.00,0.00,0.00,0.7800,0.0920,,,,,,,0.00,5.00,,,,,2026-05-21,90,348.00,33.00,0.0948,135.54,0.3895,67.72,0.1946,f,f,,f,,,2026-06-11 07:25:42.197356,
AI2700-YYZ-PUJ-20260819,AI2700-YYZ-PUJ,YYZ,PUJ,PUJ,AI2700,OWN,t,121,2026-08-19,10:00:00,174,0,22,0,0.1264,135.00,135.00,0.00,0.00,0.7800,0.1264,,,,,,,0.00,5.00,,,,,2026-05-21,90,174.00,18.00,0.1034,65.47,0.3763,33.86,0.1946,f,f,,f,,,2026-06-11 07:25:42.197356,
AI2908-YUL-POP-20260820,AI2908-YUL-POP,YUL,POP,POP,AI2908,OWN,t,121,2026-08-20,09:00:00,174,0,46,0,0.2644,245.00,245.00,0.00,0.00,0.7800,0.2644,,,,,,,0.00,5.00,,,,,2026-05-22,90,174.00,33.00,0.1897,111.71,0.6420,33.86,0.1946,f,f,,f,,,2026-06-11 07:25:42.197356,
AI2902-YUL-PUJ-20260820,AI2902-YUL-PUJ,YUL,PUJ,PUJ,AI2902,OWN,t,121,2026-08-20,08:00:00,174,0,9,0,0.0517,595.00,595.00,0.00,0.00,0.7800,0.0517,,,,,,,0.00,5.00,,,,,2026-05-22,90,174.00,9.00,0.0517,59.30,0.3408,33.86,0.1946,f,f,,f,,,2026-06-11 07:25:42.197356,
AI2700-YYZ-PUJ-20260820,AI2700-YYZ-PUJ,YYZ,PUJ,PUJ,AI2700,OWN,t,121,2026-08-20,09:45:00,174,0,23,0,0.1322,135.00,135.00,0.00,0.00,0.7800,0.1322,,,,,,,0.00,5.00,,,,,2026-05-22,90,174.00,23.00,0.1322,81.67,0.4694,33.86,0.1946,f,f,,f,,,2026-06-11 07:25:42.197356,
AI2740-YYZ-POP-20260821,AI2740-YYZ-POP,YYZ,POP,POP,AI2740,OWN,t,121,2026-08-21,07:30:00,174,0,22,0,0.1264,135.00,135.00,0.00,0.00,0.7800,0.1264,,,,,,,0.00,5.00,,,,,2026-05-23,90,174.00,16.00,0.0920,84.63,0.4864,33.86,0.1946,f,f,,f,,,2026-06-11 07:25:42.197356,
AI2902-YUL-PUJ-20260821,AI2902-YUL-PUJ,YUL,PUJ,PUJ,AI2902,OWN,t,121,2026-08-21,08:00:00,174,0,9,0,0.0517,595.00,595.00,0.00,0.00,0.7800,0.0517,,,,,,,0.00,5.00,,,,,2026-05-23,90,174.00,7.00,0.0402,74.70,0.4293,33.86,0.1946,f,f,,f,,,2026-06-11 07:25:42.197356,
AI2700-YYZ-PUJ-20260821,AI2700-YYZ-PUJ,YYZ,PUJ,PUJ,AI2700,OWN,t,121,2026-08-21,10:00:00,174,0,26,0,0.1494,135.00,135.00,0.00,0.00,0.7800,0.1494,,,,,,,0.00,5.00,,,,,2026-05-23,90,174.00,20.00,0.1149,79.42,0.4564,33.86,0.1946,f,f,,f,,,2026-06-11 07:25:42.197356,
AI2938-YQB-PUJ-20260822,AI2938-YQB-PUJ,YQB,PUJ,PUJ,AI2938,OWN,t,121,2026-08-22,10:35:00,174,0,32,0,0.1839,105.00,105.00,0.00,0.00,0.7800,0.1839,,,,,,,0.00,5.00,,,,,2026-05-24,90,174.00,28.00,0.1609,92.98,0.5344,33.86,0.1946,f,f,,f,,,2026-06-11 07:25:42.197356,
AI2902-YUL-PUJ-20260822,AI2902-YUL-PUJ,YUL,PUJ,PUJ,AI2902,OWN,t,121,2026-08-22,09:30:00,174,0,15,0,0.0862,595.00,595.00,0.00,0.00,0.7800,0.0862,,,,,,,0.00,5.00,,,,,2026-05-24,90,174.00,11.00,0.0632,77.37,0.4447,33.86,0.1946,f,f,,f,,,2026-06-11 07:25:42.197356,
AI2704-YYZ-PUJ-20260822,AI2704-YYZ-PUJ,YYZ,PUJ,PUJ,AI2704,OWN,t,121,2026-08-22,14:50:00,174,0,14,0,0.0805,105.00,105.00,0.00,0.00,0.7800,0.0805,,,,,,,0.00,5.00,,,,,2026-05-24,90,348.00,20.00,0.0575,131.39,0.3776,67.72,0.1946,f,f,,f,,,2026-06-11 07:25:42.197356,
AI2728-YYZ-PUJ-20260822,AI2728-YYZ-PUJ,YYZ,PUJ,PUJ,AI2728,OWN,t,121,2026-08-22,14:00:00,174,0,6,0,0.0345,125.00,125.00,0.00,0.00,0.7800,0.0345,,,,,,,0.00,5.00,,,,,2026-05-24,90,348.00,20.00,0.0575,131.39,0.3776,67.72,0.1946,f,f,,f,,,2026-06-11 07:25:42.197356,
AI2902-YUL-PUJ-20260823,AI2902-YUL-PUJ,YUL,PUJ,PUJ,AI2902,OWN,t,122,2026-08-23,08:00:00,174,0,0,0,0.0000,595.00,595.00,0.00,0.00,0.7800,0.0000,,,,,,,0.00,5.00,,,,,,,,,,,,,,f,f,,f,,,2026-06-11 07:25:42.197356,
AI2700-YYZ-PUJ-20260823,AI2700-YYZ-PUJ,YYZ,PUJ,PUJ,AI2700,OWN,t,122,2026-08-23,10:00:00,174,0,42,0,0.2414,165.00,165.00,0.00,0.00,0.7800,0.2414,,,,,,,0.00,5.00,,,,,2026-05-25,90,174.00,22.00,0.1264,82.17,0.4722,33.86,0.1946,f,f,,f,,,2026-06-11 07:25:42.197356,
AI2902-YUL-PUJ-20260824,AI2902-YUL-PUJ,YUL,PUJ,PUJ,AI2902,OWN,t,122,2026-08-24,08:00:00,174,0,8,0,0.0460,595.00,595.00,0.00,0.00,0.7800,0.0460,,,,,,,0.00,5.00,,,,,2026-05-26,90,174.00,8.00,0.0460,63.70,0.3661,16.82,0.0967,f,f,,f,,,2026-06-11 07:25:42.197356,
AI2700-YYZ-PUJ-20260824,AI2700-YYZ-PUJ,YYZ,PUJ,PUJ,AI2700,OWN,t,122,2026-08-24,10:00:00,174,0,29,0,0.1667,165.00,165.00,0.00,0.00,0.7800,0.1667,,,,,,,0.00,5.00,,,,,2026-05-26,90,174.00,23.00,0.1322,84.07,0.4832,16.82,0.0967,f,f,,f,,,2026-06-11 07:25:42.197356,
AI2908-YUL-POP-20260825,AI2908-YUL-POP,YUL,POP,POP,AI2908,OWN,t,122,2026-08-25,09:15:00,174,0,20,0,0.1149,345.00,345.00,0.00,0.00,0.7800,0.1149,,,,,,,0.00,5.00,,,,,2026-05-27,90,174.00,20.00,0.1149,84.15,0.4836,16.82,0.0967,f,f,,f,,,2026-06-11 07:25:42.197356,
AI2506-YYZ-POP-20260825,AI2506-YYZ-POP,YYZ,POP,POP,AI2506,OWN,t,122,2026-08-25,11:30:00,90,0,10,0,0.1111,85.00,85.00,0.00,0.00,0.7800,0.1111,,,,,,,0.00,5.00,,,,,2026-05-27,90,90.00,10.00,0.1111,69.90,0.7767,16.82,0.1869,f,f,,f,,,2026-06-11 07:25:42.197356,
AI2902-YUL-PUJ-20260825,AI2902-YUL-PUJ,YUL,PUJ,PUJ,AI2902,OWN,t,122,2026-08-25,08:00:00,174,0,3,0,0.0172,595.00,595.00,0.00,0.00,0.7800,0.0172,,,,,,,0.00,5.00,,,,,2026-05-27,90,174.00,3.00,0.0172,59.24,0.3405,16.82,0.0967,f,f,,f,,,2026-06-11 07:25:42.197356,
AI2700-YYZ-PUJ-20260825,AI2700-YYZ-PUJ,YYZ,PUJ,PUJ,AI2700,OWN,t,122,2026-08-25,10:00:00,174,0,58,0,0.3333,165.00,165.00,0.00,0.00,0.7800,0.3333,,,,,,,0.00,5.00,,,,,2026-05-27,90,174.00,56.00,0.3218,113.41,0.6518,16.82,0.0967,f,f,,f,,,2026-06-11 07:25:42.197356,
AI2902-YUL-PUJ-20260826,AI2902-YUL-PUJ,YUL,PUJ,PUJ,AI2902,OWN,t,122,2026-08-26,08:00:00,174,0,39,0,0.2241,595.00,595.00,0.00,0.00,0.7800,0.2241,,,,,,,0.00,5.00,,,,,2026-05-28,90,174.00,13.00,0.0747,71.30,0.4098,16.82,0.0967,f,f,,f,,,2026-06-11 07:25:42.197356,
AI2700-YYZ-PUJ-20260826,AI2700-YYZ-PUJ,YYZ,PUJ,PUJ,AI2700,OWN,t,122,2026-08-26,10:00:00,174,0,11,0,0.0632,115.00,115.00,0.00,0.00,0.7800,0.0632,,,,,,,0.00,5.00,,,,,2026-05-28,90,174.00,9.00,0.0517,66.41,0.3817,16.82,0.0967,f,f,,f,,,2026-06-11 07:25:42.197356,
AI2908-YUL-POP-20260827,AI2908-YUL-POP,YUL,POP,POP,AI2908,OWN,t,122,2026-08-27,09:00:00,174,0,35,0,0.2011,245.00,245.00,0.00,0.00,0.7800,0.2011,,,,,,,0.00,5.00,,,,,2026-05-29,90,174.00,35.00,0.2011,106.71,0.6133,16.82,0.0967,f,f,,f,,,2026-06-11 07:25:42.197356,
AI2902-YUL-PUJ-20260827,AI2902-YUL-PUJ,YUL,PUJ,PUJ,AI2902,OWN,t,122,2026-08-27,08:00:00,174,0,5,0,0.0287,595.00,595.00,0.00,0.00,0.7800,0.0287,,,,,,,0.00,5.00,,,,,2026-05-29,90,174.00,5.00,0.0287,66.14,0.3801,16.82,0.0967,f,f,,f,,,2026-06-11 07:25:42.197356,
AI2740-YYZ-POP-20260828,AI2740-YYZ-POP,YYZ,POP,POP,AI2740,OWN,t,122,2026-08-28,07:30:00,174,0,19,0,0.1092,55.00,55.00,0.00,0.00,0.7800,0.1092,,,,,,,0.00,5.00,,,,,2026-05-30,90,174.00,19.00,0.1092,85.06,0.4889,16.82,0.0967,f,f,,f,,,2026-06-11 07:25:42.197356,
AI2902-YUL-PUJ-20260828,AI2902-YUL-PUJ,YUL,PUJ,PUJ,AI2902,OWN,t,122,2026-08-28,08:00:00,174,0,4,0,0.0230,595.00,595.00,0.00,0.00,0.7800,0.0230,,,,,,,0.00,5.00,,,,,2026-05-30,90,174.00,4.00,0.0230,64.50,0.3707,16.82,0.0967,f,f,,f,,,2026-06-11 07:25:42.197356,
AI2700-YYZ-PUJ-20260828,AI2700-YYZ-PUJ,YYZ,PUJ,PUJ,AI2700,OWN,t,122,2026-08-28,10:00:00,174,0,15,0,0.0862,175.00,175.00,0.00,0.00,0.7800,0.0862,,,,,,,0.00,5.00,,,,,2026-05-30,90,174.00,12.00,0.0690,79.66,0.4578,16.82,0.0967,f,f,,f,,,2026-06-11 07:25:42.197356,
AI2938-YQB-PUJ-20260829,AI2938-YQB-PUJ,YQB,PUJ,PUJ,AI2938,OWN,t,122,2026-08-29,10:35:00,174,0,8,0,0.0460,65.00,65.00,0.00,0.00,0.7800,0.0460,,,,,,,0.00,5.00,,,,,2026-05-31,90,174.00,8.00,0.0460,73.08,0.4200,16.82,0.0967,f,f,,f,,,2026-06-11 07:25:42.197356,
AI2902-YUL-PUJ-20260829,AI2902-YUL-PUJ,YUL,PUJ,PUJ,AI2902,OWN,t,122,2026-08-29,09:30:00,174,0,0,0,0.0000,595.00,595.00,0.00,0.00,0.7800,0.0000,,,,,,,0.00,5.00,,,,,,,,,,,,,,f,f,,f,,,2026-06-11 07:25:42.197356,
AI2728-YYZ-PUJ-20260829,AI2728-YYZ-PUJ,YYZ,PUJ,PUJ,AI2728,OWN,t,122,2026-08-29,14:00:00,174,0,7,0,0.0402,325.00,325.00,0.00,0.00,0.7800,0.0402,,,,,,,0.00,5.00,,,,,2026-05-31,90,174.00,7.00,0.0402,76.11,0.4374,16.82,0.0967,f,f,,f,,,2026-06-11 07:25:42.197356,
AI2902-YUL-PUJ-20260830,AI2902-YUL-PUJ,YUL,PUJ,PUJ,AI2902,OWN,t,123,2026-08-30,08:00:00,174,0,17,0,0.0977,595.00,595.00,0.00,0.00,0.7800,0.0977,,,,,,,0.00,5.00,,,,,2026-05-02,120,174.00,7.00,0.0402,69.39,0.3988,14.00,0.0805,f,f,,f,,,2026-06-11 07:25:42.197356,
AI2700-YYZ-PUJ-20260830,AI2700-YYZ-PUJ,YYZ,PUJ,PUJ,AI2700,OWN,t,123,2026-08-30,10:00:00,174,0,11,0,0.0632,155.00,155.00,0.00,0.00,0.7800,0.0632,,,,,,,0.00,5.00,,,,,2026-05-02,120,174.00,4.00,0.0230,69.37,0.3987,14.00,0.0805,f,f,,f,,,2026-06-11 07:25:42.197356,
AI2902-YUL-PUJ-20260831,AI2902-YUL-PUJ,YUL,PUJ,PUJ,AI2902,OWN,t,123,2026-08-31,08:00:00,174,0,4,0,0.0230,595.00,595.00,0.00,0.00,0.7800,0.0230,,,,,,,0.00,5.00,,,,,2026-05-03,120,174.00,2.00,0.0115,59.95,0.3445,18.60,0.1069,f,f,,f,,,2026-06-11 07:25:42.197356,
AI2700-YYZ-PUJ-20260831,AI2700-YYZ-PUJ,YYZ,PUJ,PUJ,AI2700,OWN,t,123,2026-08-31,10:00:00,174,0,56,0,0.3218,245.00,245.00,0.00,0.00,0.7800,0.3218,,,,,,,0.00,5.00,,,,,2026-05-03,120,174.00,48.00,0.2759,114.89,0.6603,18.60,0.1069,f,f,,f,,,2026-06-11 07:25:42.197356,
